DigimonCombineId,DigimonAId,DigimonBId,DigimonResultId
40101,103,103,37
40102,103,32,3
40103,103,33,10
40104,103,104,98
40105,103,34,3
40106,103,105,98
40107,103,35,3
40108,103,154,66
40109,103,36,3
40110,103,37,3
40111,103,106,93
40112,103,107,65
40113,103,155,65
40114,103,38,10
40115,103,184,
40116,103,108,64
40117,103,39,10
40118,103,40,10
40119,103,194,
40120,103,195,
40121,103,191,
40122,103,41,31
40123,103,42,31
40124,103,109,32
40125,103,44,31
40126,103,110,66
40127,103,45,31
40128,103,46,3
40129,103,156,64
40130,103,111,65
40131,103,47,3
40132,103,112,32
40133,103,48,10
40134,103,43,31
40135,103,113,84
40136,103,114,98
40137,103,49,3
40138,103,50,10
40139,103,51,28
40140,103,52,3
40141,103,115,32
40142,103,116,37
40143,103,53,3
40144,103,54,3
40145,103,55,3
40146,103,56,3
40147,103,117,98
40148,103,118,98
40149,103,157,64
40150,103,182,31
40151,103,158,66
40152,103,193,
40153,103,192,
40154,103,185,
40155,103,57,3
40156,103,58,3
40157,103,159,64
40158,103,59,3
40159,103,60,3
40160,103,61,10
40161,103,160,37
40162,103,62,3
40163,103,161,84
40164,103,63,10
40165,103,64,28
40166,103,181,65
40167,103,65,10
40168,103,66,10
40169,103,67,28
40170,103,189,
40171,103,68,3
40172,103,119,93
40173,103,162,98
40174,103,120,98
40175,103,163,98
40176,103,121,65
40177,103,122,84
40178,103,164,32
40179,103,123,32
40180,103,124,98
40181,103,125,98
40182,103,127,33
40183,103,69,10
40184,103,165,84
40185,103,128,98
40186,103,129,65
40187,103,130,98
40188,103,131,66
40189,103,166,66
40190,103,126,64
40191,103,73,3
40192,103,70,10
40193,103,132,84
40194,103,71,10
40195,103,167,33
40196,103,72,10
40197,103,133,98
40198,103,74,3
40199,103,76,10
40200,103,183,
40201,103,75,10
40202,103,77,3
40203,103,78,3
40204,103,79,3
40205,103,134,64
40206,103,168,98
40207,103,187,
40208,103,188,
40209,103,135,98
40210,103,136,98
40211,103,169,37
40212,103,81,3
40213,103,170,98
40214,103,137,66
40215,103,172,65
40216,103,171,33
40217,103,80,3
40218,103,173,32
40219,103,138,93
40220,103,174,64
40221,103,139,37
40222,103,82,3
40223,103,83,28
40224,103,190,
40225,103,175,93
40226,103,84,3
40227,103,176,65
40228,103,85,10
40229,103,140,33
40230,103,86,10
40231,103,177,98
40232,103,87,10
40233,103,88,3
40234,103,141,32
40235,103,142,98
40236,103,143,65
40237,103,178,84
40238,103,89,3
40239,103,90,10
40240,103,91,3
40242,103,92,10
40243,103,144,98
40244,103,145,65
40245,103,93,21
40246,103,94,3
40247,103,146,33
40248,103,95,31
40249,103,96,10
40250,103,97,3
40251,103,147,32
40252,103,98,3
40253,103,99,28
40254,103,148,33
40255,103,179,98
40256,103,180,98
40257,103,149,84
40258,103,150,32
40259,103,151,84
40260,103,152,32
40261,103,100,10
40262,103,101,28
40263,103,102,10
40264,103,153,32
40265,32,32,3
40266,32,33,10
40267,32,104,3
40268,32,34,3
40269,32,105,3
40270,32,35,3
40271,32,154,10
40272,32,36,3
40273,32,37,3
40274,32,106,21
40275,32,107,10
40276,32,155,10
40277,32,38,10
40278,32,184,
40279,32,108,28
40280,32,39,10
40281,32,40,10
40282,32,194,
40283,32,195,
40284,32,191,
40285,32,41,31
40286,32,42,31
40287,32,109,3
40288,32,44,31
40289,32,110,10
40290,32,45,31
40291,32,46,3
40292,32,156,28
40293,32,111,10
40294,32,47,3
40295,32,112,3
40296,32,48,10
40297,32,43,31
40298,32,113,3
40299,32,114,31
40300,32,49,3
40301,32,50,10
40302,32,51,28
40303,32,52,3
40304,32,115,3
40305,32,116,3
40306,32,53,3
40307,32,54,3
40308,32,55,3
40309,32,56,3
40310,32,117,31
40311,32,118,3
40312,32,157,28
40313,32,182,31
40314,32,158,10
40315,32,193,
40316,32,192,
40317,32,185,
40318,32,57,3
40319,32,58,3
40320,32,159,28
40321,32,59,3
40322,32,60,3
40323,32,61,10
40324,32,160,3
40325,32,62,3
40326,32,161,3
40327,32,63,10
40328,32,64,28
40329,32,181,10
40330,32,65,10
40331,32,66,10
40332,32,67,28
40333,32,189,
40334,32,68,3
40335,32,119,21
40336,32,162,31
40337,32,120,3
40338,32,163,3
40339,32,121,10
40340,32,122,3
40341,32,164,3
40342,32,123,3
40343,32,124,31
40344,32,125,31
40345,32,127,10
40346,32,69,10
40347,32,165,3
40348,32,128,31
40349,32,129,10
40350,32,130,31
40351,32,131,10
40352,32,166,10
40353,32,126,28
40354,32,73,3
40355,32,70,10
40356,32,132,3
40357,32,71,10
40358,32,167,10
40359,32,72,10
40360,32,133,3
40361,32,74,3
40362,32,76,10
40363,32,183,
40364,32,75,10
40365,32,77,3
40366,32,78,3
40367,32,79,3
40368,32,134,28
40369,32,168,31
40370,32,187,
40371,32,188,
40372,32,135,3
40373,32,136,3
40374,32,169,3
40375,32,81,3
40376,32,170,3
40377,32,137,10
40378,32,172,10
40379,32,171,10
40380,32,80,3
40381,32,173,3
40382,32,138,21
40383,32,174,28
40384,32,139,3
40385,32,82,3
40386,32,83,28
40387,32,190,
40388,32,175,21
40389,32,84,3
40390,32,176,10
40391,32,85,10
40392,32,140,10
40393,32,86,10
40394,32,177,3
40395,32,87,10
40396,32,88,3
40397,32,141,3
40398,32,142,31
40399,32,143,10
40400,32,178,3
40401,32,89,3
40402,32,90,10
40403,32,91,3
40405,32,92,10
40406,32,144,3
40407,32,145,10
40408,32,93,21
40409,32,94,3
40410,32,146,10
40411,32,95,31
40412,32,96,10
40413,32,97,3
40414,32,147,3
40415,32,98,3
40416,32,99,28
40417,32,148,10
40418,32,179,3
40419,32,180,31
40420,32,149,3
40421,32,150,3
40422,32,151,3
40423,32,152,3
40424,32,100,10
40425,32,101,28
40426,32,102,10
40427,32,153,3
40428,33,33,10
40429,33,104,10
40430,33,34,10
40431,33,105,10
40432,33,35,10
40433,33,154,10
40434,33,36,8
40435,33,37,10
40436,33,106,21
40437,33,107,10
40438,33,155,10
40439,33,38,10
40440,33,184,
40441,33,108,19
40442,33,39,10
40443,33,40,10
40444,33,194,
40445,33,195,
40446,33,191,
40447,33,41,8
40448,33,42,8
40449,33,109,8
40450,33,44,8
40451,33,110,10
40452,33,45,8
40453,33,46,8
40454,33,156,18
40455,33,111,10
40456,33,47,10
40457,33,112,8
40458,33,48,10
40459,33,43,8
40460,33,113,8
40461,33,114,8
40462,33,49,10
40463,33,50,10
40464,33,51,18
40465,33,52,10
40466,33,115,8
40467,33,116,10
40468,33,53,10
40469,33,54,10
40470,33,55,8
40471,33,56,8
40472,33,117,8
40473,33,118,10
40474,33,157,18
40475,33,182,10
40476,33,158,10
40477,33,193,
40478,33,192,
40479,33,185,
40480,33,57,8
40481,33,58,10
40482,33,159,10
40483,33,59,8
40484,33,60,8
40485,33,61,10
40486,33,160,10
40487,33,62,10
40488,33,161,10
40489,33,63,10
40490,33,64,10
40491,33,181,10
40492,33,65,10
40493,33,66,10
40494,33,67,18
40495,33,189,
40496,33,68,10
40497,33,119,21
40498,33,162,8
40499,33,120,10
40500,33,163,10
40501,33,121,10
40502,33,122,10
40503,33,164,10
40504,33,123,8
40505,33,124,10
40506,33,125,8
40507,33,127,10
40508,33,69,10
40509,33,165,8
40510,33,128,10
40511,33,129,10
40512,33,130,8
40513,33,131,10
40514,33,166,10
40515,33,126,10
40516,33,73,10
40517,33,70,10
40518,33,132,10
40519,33,71,10
40520,33,167,10
40521,33,72,10
40522,33,133,8
40523,33,74,8
40524,33,76,10
40525,33,183,
40526,33,75,10
40527,33,77,8
40528,33,78,8
40529,33,79,8
40530,33,134,18
40531,33,168,10
40532,33,187,
40533,33,188,
40534,33,135,10
40535,33,136,8
40536,33,169,10
40537,33,81,10
40538,33,170,8
40539,33,137,10
40540,33,172,10
40541,33,171,10
40542,33,80,8
40543,33,173,8
40544,33,138,21
40545,33,174,19
40546,33,139,10
40547,33,82,8
40548,33,83,19
40549,33,190,
40550,33,175,21
40551,33,84,10
40552,33,176,10
40553,33,85,10
40554,33,140,10
40555,33,86,10
40556,33,177,10
40557,33,87,10
40558,33,88,10
40559,33,141,8
40560,33,142,8
40561,33,143,10
40562,33,178,10
40563,33,89,8
40564,33,90,10
40565,33,91,8
40567,33,92,10
40568,33,144,8
40569,33,145,10
40570,33,93,21
40571,33,94,10
40572,33,146,10
40573,33,95,8
40574,33,96,10
40575,33,97,10
40576,33,147,8
40577,33,98,10
40578,33,99,19
40579,33,148,10
40580,33,179,8
40581,33,180,10
40582,33,149,8
40583,33,150,8
40584,33,151,10
40585,33,152,10
40586,33,100,10
40587,33,101,19
40588,33,102,10
40589,33,153,10
40590,104,104,34
40591,104,34,5
40592,104,105,34
40593,104,35,29
40594,104,154,75
40595,104,36,5
40596,104,37,3
40597,104,106,93
40598,104,107,38
40599,104,155,38
40600,104,38,22
40601,104,184,
40602,104,108,64
40603,104,39,16
40604,104,40,6
40605,104,194,
40606,104,195,
40607,104,191,
40608,104,41,29
40609,104,42,29
40610,104,109,52
40611,104,44,29
40612,104,110,65
40613,104,45,29
40614,104,46,5
40615,104,156,64
40616,104,111,90
40617,104,47,15
40618,104,112,62
40619,104,48,22
40620,104,43,29
40621,104,113,68
40622,104,114,54
40623,104,49,3
40624,104,50,22
40625,104,51,28
40626,104,52,29
40627,104,115,52
40628,104,116,98
40629,104,53,29
40630,104,54,5
40631,104,55,15
40632,104,56,15
40633,104,117,54
40634,104,118,34
40635,104,157,64
40636,104,182,29
40637,104,158,65
40638,104,193,
40639,104,192,
40640,104,185,
40641,104,57,24
40642,104,58,29
40643,104,159,64
40644,104,59,29
40645,104,60,5
40646,104,61,22
40647,104,160,98
40648,104,62,15
40649,104,161,68
40650,104,63,22
40651,104,64,28
40652,104,181,38
40653,104,65,10
40654,104,66,10
40655,104,67,28
40656,104,189,
40657,104,68,5
40658,104,119,93
40659,104,162,54
40660,104,120,34
40661,104,163,34
40662,104,121,90
40663,104,122,68
40664,104,164,62
40665,104,123,62
40666,104,124,54
40667,104,125,54
40668,104,127,86
40669,104,69,16
40670,104,165,68
40671,104,128,54
40672,104,129,90
40673,104,130,54
40674,104,131,75
40675,104,166,75
40676,104,126,64
40677,104,73,29
40678,104,70,22
40679,104,132,68
40680,104,71,6
40681,104,167,86
40682,104,72,22
40683,104,133,34
40684,104,74,5
40685,104,76,22
40686,104,183,
40687,104,75,22
40688,104,77,24
40689,104,78,15
40690,104,79,29
40691,104,134,64
40692,104,168,54
40693,104,187,
40694,104,188,
40695,104,135,34
40696,104,136,34
40697,104,169,98
40698,104,81,5
40699,104,170,34
40700,104,137,65
40701,104,172,90
40702,104,171,86
40703,104,80,24
40704,104,173,62
40705,104,138,93
40706,104,174,64
40707,104,139,98
40708,104,82,24
40709,104,83,28
40710,104,190,
40711,104,175,93
40712,104,84,3
40713,104,176,90
40714,104,85,10
40715,104,140,86
40716,104,86,6
40717,104,177,34
40718,104,87,6
40719,104,88,29
40720,104,141,62
40721,104,142,54
40722,104,143,38
40723,104,178,68
40724,104,89,5
40725,104,90,22
40726,104,91,24
40728,104,92,16
40729,104,144,34
40730,104,145,38
40731,104,93,21
40732,104,94,15
40733,104,146,100
40734,104,95,29
40735,104,96,22
40736,104,97,29
40737,104,147,52
40738,104,98,3
40739,104,99,28
40740,104,148,100
40741,104,179,34
40742,104,180,54
40743,104,149,68
40744,104,150,62
40745,104,151,68
40746,104,152,62
40747,104,100,22
40748,104,101,28
40749,104,102,10
40750,104,153,62
40751,34,34,5
40752,34,105,5
40753,34,35,29
40754,34,154,22
40755,34,36,5
40756,34,37,3
40757,34,106,21
40758,34,107,16
40759,34,155,16
40760,34,38,22
40761,34,184,
40762,34,108,28
40763,34,39,16
40764,34,40,6
40765,34,194,
40766,34,195,
40767,34,191,
40768,34,41,29
40769,34,42,29
40770,34,109,24
40771,34,44,29
40772,34,110,10
40773,34,45,29
40774,34,46,5
40775,34,156,28
40776,34,111,22
40777,34,47,15
40778,34,112,15
40779,34,48,22
40780,34,43,29
40781,34,113,29
40782,34,114,29
40783,34,49,3
40784,34,50,22
40785,34,51,28
40786,34,52,29
40787,34,115,24
40788,34,116,3
40789,34,53,29
40790,34,54,5
40791,34,55,15
40792,34,56,15
40793,34,117,29
40794,34,118,5
40795,34,157,28
40796,34,182,29
40797,34,158,10
40798,34,193,
40799,34,192,
40800,34,185,
40801,34,57,24
40802,34,58,29
40803,34,159,28
40804,34,59,29
40805,34,60,5
40806,34,61,22
40807,34,160,3
40808,34,62,15
40809,34,161,29
40810,34,63,22
40811,34,64,28
40812,34,181,16
40813,34,65,10
40814,34,66,10
40815,34,67,28
40816,34,189,
40817,34,68,5
40818,34,119,21
40819,34,162,29
40820,34,120,5
40821,34,163,5
40822,34,121,22
40823,34,122,29
40824,34,164,15
40825,34,123,15
40826,34,124,29
40827,34,125,29
40828,34,127,6
40829,34,69,16
40830,34,165,29
40831,34,128,29
40832,34,129,22
40833,34,130,29
40834,34,131,22
40835,34,166,22
40836,34,126,28
40837,34,73,29
40838,34,70,22
40839,34,132,29
40840,34,71,6
40841,34,167,6
40842,34,72,22
40843,34,133,5
40844,34,74,5
40845,34,76,22
40846,34,183,
40847,34,75,22
40848,34,77,24
40849,34,78,15
40850,34,79,29
40851,34,134,28
40852,34,168,29
40853,34,187,
40854,34,188,
40855,34,135,5
40856,34,136,5
40857,34,169,3
40858,34,81,5
40859,34,170,5
40860,34,137,10
40861,34,172,22
40862,34,171,6
40863,34,80,24
40864,34,173,15
40865,34,138,21
40866,34,174,28
40867,34,139,3
40868,34,82,24
40869,34,83,28
40870,34,190,
40871,34,175,21
40872,34,84,3
40873,34,176,22
40874,34,85,10
40875,34,140,6
40876,34,86,6
40877,34,177,5
40878,34,87,6
40879,34,88,29
40880,34,141,15
40881,34,142,29
40882,34,143,16
40883,34,178,29
40884,34,89,5
40885,34,90,22
40886,34,91,24
40888,34,92,16
40889,34,144,5
40890,34,145,16
40891,34,93,21
40892,34,94,15
40893,34,146,22
40894,34,95,29
40895,34,96,22
40896,34,97,29
40897,34,147,24
40898,34,98,3
40899,34,99,28
40900,34,148,22
40901,34,179,5
40902,34,180,29
40903,34,149,29
40904,34,150,15
40905,34,151,29
40906,34,152,15
40907,34,100,22
40908,34,101,28
40909,34,102,10
40910,34,153,15
40911,105,105,34
40912,105,35,29
40913,105,154,75
40914,105,36,5
40915,105,37,3
40916,105,106,93
40917,105,107,38
40918,105,155,38
40919,105,38,22
40920,105,184,
40921,105,108,64
40922,105,39,16
40923,105,40,6
40924,105,194,
40925,105,195,
40926,105,191,
40927,105,41,29
40928,105,42,29
40929,105,109,52
40930,105,44,29
40931,105,110,65
40932,105,45,29
40933,105,46,5
40934,105,156,64
40935,105,111,90
40936,105,47,15
40937,105,112,62
40938,105,48,22
40939,105,43,29
40940,105,113,68
40941,105,114,54
40942,105,49,3
40943,105,50,22
40944,105,51,28
40945,105,52,29
40946,105,115,52
40947,105,116,98
40948,105,53,29
40949,105,54,5
40950,105,55,15
40951,105,56,15
40952,105,117,54
40953,105,118,34
40954,105,157,64
40955,105,182,29
40956,105,158,65
40957,105,193,
40958,105,192,
40959,105,185,
40960,105,57,24
40961,105,58,29
40962,105,159,64
40963,105,59,29
40964,105,60,5
40965,105,61,22
40966,105,160,98
40967,105,62,15
40968,105,161,68
40969,105,63,22
40970,105,64,28
40971,105,181,38
40972,105,65,10
40973,105,66,10
40974,105,67,28
40975,105,189,
40976,105,68,5
40977,105,119,93
40978,105,162,54
40979,105,120,34
40980,105,163,34
40981,105,121,90
40982,105,122,68
40983,105,164,62
40984,105,123,62
40985,105,124,54
40986,105,125,54
40987,105,127,86
40988,105,69,16
40989,105,165,68
40990,105,128,54
40991,105,129,90
40992,105,130,54
40993,105,131,75
40994,105,166,75
40995,105,126,64
40996,105,73,29
40997,105,70,22
40998,105,132,68
40999,105,71,6
41000,105,167,86
41001,105,72,22
41002,105,133,34
41003,105,74,5
41004,105,76,22
41005,105,183,
41006,105,75,22
41007,105,77,24
41008,105,78,15
41009,105,79,29
41010,105,134,64
41011,105,168,54
41012,105,187,
41013,105,188,
41014,105,135,34
41015,105,136,34
41016,105,169,98
41017,105,81,5
41018,105,170,34
41019,105,137,65
41020,105,172,90
41021,105,171,86
41022,105,80,24
41023,105,173,62
41024,105,138,93
41025,105,174,64
41026,105,139,98
41027,105,82,24
41028,105,83,28
41029,105,190,
41030,105,175,93
41031,105,84,3
41032,105,176,90
41033,105,85,10
41034,105,140,86
41035,105,86,6
41036,105,177,34
41037,105,87,6
41038,105,88,29
41039,105,141,62
41040,105,142,54
41041,105,143,38
41042,105,178,68
41043,105,89,5
41044,105,90,22
41045,105,91,24
41047,105,92,16
41048,105,144,34
41049,105,145,38
41050,105,93,21
41051,105,94,15
41052,105,146,100
41053,105,95,29
41054,105,96,22
41055,105,97,29
41056,105,147,52
41057,105,98,3
41058,105,99,28
41059,105,148,100
41060,105,179,34
41061,105,180,54
41062,105,149,68
41063,105,150,62
41064,105,151,68
41065,105,152,62
41066,105,100,22
41067,105,101,28
41068,105,102,10
41069,105,153,62
41070,35,35,27
41071,35,154,11
41072,35,36,29
41073,35,37,3
41074,35,106,11
41075,35,107,16
41076,35,155,16
41077,35,38,11
41078,35,184,
41079,35,108,27
41080,35,39,16
41081,35,40,16
41082,35,194,
41083,35,195,
41084,35,191,
41085,35,41,24
41086,35,42,24
41087,35,109,24
41088,35,44,24
41089,35,110,10
41090,35,45,24
41091,35,46,29
41092,35,156,28
41093,35,111,22
41094,35,47,27
41095,35,112,27
41096,35,48,11
41097,35,43,24
41098,35,113,27
41099,35,114,24
41100,35,49,3
41101,35,50,11
41102,35,51,28
41103,35,52,27
41104,35,115,24
41105,35,116,3
41106,35,53,27
41107,35,54,29
41108,35,55,27
41109,35,56,27
41110,35,117,24
41111,35,118,29
41112,35,157,28
41113,35,182,24
41114,35,158,10
41115,35,193,
41116,35,192,
41117,35,185,
41118,35,57,24
41119,35,58,27
41120,35,159,28
41121,35,59,27
41122,35,60,29
41123,35,61,11
41124,35,160,3
41125,35,62,27
41126,35,161,27
41127,35,63,11
41128,35,64,28
41129,35,181,16
41130,35,65,10
41131,35,66,10
41132,35,67,28
41133,35,189,
41134,35,68,29
41135,35,119,11
41136,35,162,24
41137,35,120,29
41138,35,163,29
41139,35,121,22
41140,35,122,27
41141,35,164,27
41142,35,123,27
41143,35,124,24
41144,35,125,24
41145,35,127,16
41146,35,69,16
41147,35,165,27
41148,35,128,24
41149,35,129,22
41150,35,130,24
41151,35,131,11
41152,35,166,11
41153,35,126,28
41154,35,73,27
41155,35,70,11
41156,35,132,27
41157,35,71,16
41158,35,167,16
41159,35,72,11
41160,35,133,29
41161,35,74,29
41162,35,76,11
41163,35,183,
41164,35,75,22
41165,35,77,24
41166,35,78,27
41167,35,79,27
41168,35,134,28
41169,35,168,24
41170,35,187,
41171,35,188,
41172,35,135,29
41173,35,136,29
41174,35,169,3
41175,35,81,29
41176,35,170,29
41177,35,137,10
41178,35,172,22
41179,35,171,16
41180,35,80,24
41181,35,173,27
41182,35,138,11
41183,35,174,27
41184,35,139,3
41185,35,82,24
41186,35,83,27
41187,35,190,
41188,35,175,11
41189,35,84,3
41190,35,176,22
41191,35,85,10
41192,35,140,16
41193,35,86,16
41194,35,177,29
41195,35,87,16
41196,35,88,27
41197,35,141,27
41198,35,142,24
41199,35,143,16
41200,35,178,27
41201,35,89,29
41202,35,90,22
41203,35,91,24
41205,35,92,16
41206,35,144,29
41207,35,145,16
41208,35,93,11
41209,35,94,27
41210,35,146,11
41211,35,95,24
41212,35,96,11
41213,35,97,27
41214,35,147,24
41215,35,98,3
41216,35,99,27
41217,35,148,11
41218,35,179,29
41219,35,180,24
41220,35,149,27
41221,35,150,27
41222,35,151,27
41223,35,152,27
41224,35,100,22
41225,35,101,27
41226,35,102,10
41227,35,153,27
41228,154,154,131
41229,154,36,12
41230,154,37,10
41231,154,106,63
41232,154,107,72
41233,154,155,131
41234,154,38,11
41235,154,184,
41236,154,108,79
41237,154,39,16
41238,154,40,16
41239,154,194,
41240,154,195,
41241,154,191,
41242,154,41,14
41243,154,42,14
41244,154,109,59
41245,154,44,14
41246,154,110,66
41247,154,45,14
41248,154,46,12
41249,154,156,134
41250,154,111,75
41251,154,47,16
41252,154,112,59
41253,154,48,11
41254,154,43,14
41255,154,113,79
41256,154,114,79
41257,154,49,10
41258,154,50,11
41259,154,51,18
41260,154,52,11
41261,154,115,59
41262,154,116,66
41263,154,53,11
41264,154,54,22
41265,154,55,25
41266,154,56,25
41267,154,117,79
41268,154,118,75
41269,154,157,134
41270,154,182,11
41271,154,158,110
41272,154,193,
41273,154,192,
41274,154,185,
41275,154,57,25
41276,154,58,11
41277,154,159,85
41278,154,59,14
41279,154,60,12
41280,154,61,11
41281,154,160,110
41282,154,62,16
41283,154,161,131
41284,154,63,11
41285,154,64,10
41286,154,181,131
41287,154,65,10
41288,154,66,10
41289,154,67,18
41290,154,189,
41291,154,68,22
41292,154,119,63
41293,154,162,113
41294,154,120,75
41295,154,163,121
41296,154,121,75
41297,154,122,61
41298,154,164,131
41299,154,123,59
41300,154,124,48
41301,154,125,79
41302,154,127,76
41303,154,69,16
41304,154,165,113
41305,154,128,48
41306,154,129,75
41307,154,130,79
41308,154,131,61
41309,154,166,131
41310,154,126,85
41311,154,73,11
41312,154,70,11
41313,154,132,61
41314,154,71,16
41315,154,167,131
41316,154,72,11
41317,154,133,36
41318,154,74,12
41319,154,76,11
41320,154,183,
41321,154,75,22
41322,154,77,25
41323,154,78,25
41324,154,79,14
41325,154,134,67
41326,154,168,131
41327,154,187,
41328,154,188,
41329,154,135,75
41330,154,136,36
41331,154,169,110
41332,154,81,22
41333,154,170,136
41334,154,137,66
41335,154,172,121
41336,154,171,131
41337,154,80,25
41338,154,173,149
41339,154,138,63
41340,154,174,113
41341,154,139,66
41342,154,82,25
41343,154,83,14
41344,154,190,
41345,154,175,131
41346,154,84,10
41347,154,176,121
41348,154,85,10
41349,154,140,76
41350,154,86,16
41351,154,177,121
41352,154,87,16
41353,154,88,11
41354,154,141,59
41355,154,142,79
41356,154,143,72
41357,154,178,131
41358,154,89,12
41359,154,90,22
41360,154,91,25
41362,154,92,16
41363,154,144,36
41364,154,145,72
41365,154,93,11
41366,154,94,16
41367,154,146,48
41368,154,95,14
41369,154,96,11
41370,154,97,11
41371,154,147,59
41372,154,98,10
41373,154,99,14
41374,154,148,48
41375,154,179,136
41376,154,180,131
41377,154,149,79
41378,154,150,59
41379,154,151,61
41380,154,152,76
41381,154,100,22
41382,154,101,14
41383,154,102,10
41384,154,153,76
41385,36,36,7
41386,36,37,3
41387,36,106,19
41388,36,107,25
41389,36,155,25
41390,36,38,12
41391,36,184,
41392,36,108,19
41393,36,39,25
41394,36,40,20
41395,36,194,
41396,36,195,
41397,36,191,
41398,36,41,30
41399,36,42,30
41400,36,109,25
41401,36,44,30
41402,36,110,8
41403,36,45,30
41404,36,46,7
41405,36,156,18
41406,36,111,7
41407,36,47,15
41408,36,112,20
41409,36,48,12
41410,36,43,30
41411,36,113,12
41412,36,114,30
41413,36,49,3
41414,36,50,30
41415,36,51,18
41416,36,52,29
41417,36,115,25
41418,36,116,3
41419,36,53,29
41420,36,54,5
41421,36,55,20
41422,36,56,20
41423,36,117,30
41424,36,118,5
41425,36,157,18
41426,36,182,29
41427,36,158,8
41428,36,193,
41429,36,192,
41430,36,185,
41431,36,57,25
41432,36,58,29
41433,36,159,28
41434,36,59,12
41435,36,60,7
41436,36,61,12
41437,36,160,3
41438,36,62,15
41439,36,161,29
41440,36,63,12
41441,36,64,28
41442,36,181,25
41443,36,65,8
41444,36,66,8
41445,36,67,18
41446,36,189,
41447,36,68,5
41448,36,119,19
41449,36,162,30
41450,36,120,5
41451,36,163,5
41452,36,121,7
41453,36,122,29
41454,36,164,15
41455,36,123,20
41456,36,124,29
41457,36,125,30
41458,36,127,20
41459,36,69,25
41460,36,165,12
41461,36,128,29
41462,36,129,7
41463,36,130,30
41464,36,131,12
41465,36,166,12
41466,36,126,28
41467,36,73,29
41468,36,70,30
41469,36,132,29
41470,36,71,20
41471,36,167,20
41472,36,72,12
41473,36,133,7
41474,36,74,7
41475,36,76,12
41476,36,183,
41477,36,75,7
41478,36,77,25
41479,36,78,20
41480,36,79,12
41481,36,134,18
41482,36,168,29
41483,36,187,
41484,36,188,
41485,36,135,5
41486,36,136,7
41487,36,169,3
41488,36,81,5
41489,36,170,7
41490,36,137,8
41491,36,172,7
41492,36,171,20
41493,36,80,25
41494,36,173,20
41495,36,138,19
41496,36,174,19
41497,36,139,3
41498,36,82,25
41499,36,83,19
41500,36,190,
41501,36,175,19
41502,36,84,3
41503,36,176,7
41504,36,85,18
41505,36,140,20
41506,36,86,20
41507,36,177,5
41508,36,87,20
41509,36,88,29
41510,36,141,20
41511,36,142,30
41512,36,143,25
41513,36,178,29
41514,36,89,7
41515,36,90,7
41516,36,91,25
41518,36,92,25
41519,36,144,7
41520,36,145,25
41521,36,93,19
41522,36,94,15
41523,36,146,30
41524,36,95,30
41525,36,96,30
41526,36,97,29
41527,36,147,25
41528,36,98,3
41529,36,99,19
41530,36,148,30
41531,36,179,7
41532,36,180,29
41533,36,149,12
41534,36,150,20
41535,36,151,29
41536,36,152,15
41537,36,100,7
41538,36,101,19
41539,36,102,18
41540,36,153,15
41541,37,37,3
41542,37,106,21
41543,37,107,10
41544,37,155,10
41545,37,38,10
41546,37,184,
41547,37,108,28
41548,37,39,10
41549,37,40,10
41550,37,194,
41551,37,195,
41552,37,191,
41553,37,41,31
41554,37,42,31
41555,37,109,3
41556,37,44,31
41557,37,110,10
41558,37,45,31
41559,37,46,3
41560,37,156,28
41561,37,111,10
41562,37,47,3
41563,37,112,3
41564,37,48,10
41565,37,43,31
41566,37,113,3
41567,37,114,31
41568,37,49,3
41569,37,50,10
41570,37,51,28
41571,37,52,3
41572,37,115,3
41573,37,116,3
41574,37,53,3
41575,37,54,3
41576,37,55,3
41577,37,56,3
41578,37,117,31
41579,37,118,3
41580,37,157,28
41581,37,182,31
41582,37,158,10
41583,37,193,
41584,37,192,
41585,37,185,
41586,37,57,3
41587,37,58,3
41588,37,159,28
41589,37,59,3
41590,37,60,3
41591,37,61,10
41592,37,160,3
41593,37,62,3
41594,37,161,3
41595,37,63,10
41596,37,64,28
41597,37,181,10
41598,37,65,10
41599,37,66,10
41600,37,67,28
41601,37,189,
41602,37,68,3
41603,37,119,21
41604,37,162,31
41605,37,120,3
41606,37,163,3
41607,37,121,10
41608,37,122,3
41609,37,164,3
41610,37,123,3
41611,37,124,31
41612,37,125,31
41613,37,127,10
41614,37,69,10
41615,37,165,3
41616,37,128,31
41617,37,129,10
41618,37,130,31
41619,37,131,10
41620,37,166,10
41621,37,126,28
41622,37,73,3
41623,37,70,10
41624,37,132,3
41625,37,71,10
41626,37,167,10
41627,37,72,10
41628,37,133,3
41629,37,74,3
41630,37,76,10
41631,37,183,
41632,37,75,10
41633,37,77,3
41634,37,78,3
41635,37,79,3
41636,37,134,28
41637,37,168,31
41638,37,187,
41639,37,188,
41640,37,135,3
41641,37,136,3
41642,37,169,3
41643,37,81,3
41644,37,170,3
41645,37,137,10
41646,37,172,10
41647,37,171,10
41648,37,80,3
41649,37,173,3
41650,37,138,21
41651,37,174,28
41652,37,139,3
41653,37,82,3
41654,37,83,28
41655,37,190,
41656,37,175,21
41657,37,84,3
41658,37,176,10
41659,37,85,10
41660,37,140,10
41661,37,86,10
41662,37,177,3
41663,37,87,10
41664,37,88,3
41665,37,141,3
41666,37,142,31
41667,37,143,10
41668,37,178,3
41669,37,89,3
41670,37,90,10
41671,37,91,3
41673,37,92,10
41674,37,144,3
41675,37,145,10
41676,37,93,21
41677,37,94,3
41678,37,146,10
41679,37,95,31
41680,37,96,10
41681,37,97,3
41682,37,147,3
41683,37,98,3
41684,37,99,28
41685,37,148,10
41686,37,179,3
41687,37,180,31
41688,37,149,3
41689,37,150,3
41690,37,151,3
41691,37,152,3
41692,37,100,10
41693,37,101,28
41694,37,102,10
41695,37,153,3
41696,106,106,93
41697,106,107,39
41698,106,155,39
41699,106,38,11
41700,106,184,
41701,106,108,101
41702,106,39,4
41703,106,40,6
41704,106,194,
41705,106,195,
41706,106,191,
41707,106,41,20
41708,106,42,20
41709,106,109,82
41710,106,44,20
41711,106,110,93
41712,106,45,20
41713,106,46,19
41714,106,156,67
41715,106,111,93
41716,106,47,6
41717,106,112,56
41718,106,48,11
41719,106,43,20
41720,106,113,79
41721,106,114,56
41722,106,49,21
41723,106,50,6
41724,106,51,18
41725,106,52,11
41726,106,115,82
41727,106,116,93
41728,106,53,11
41729,106,54,21
41730,106,55,20
41731,106,56,20
41732,106,117,56
41733,106,118,93
41734,106,157,67
41735,106,182,6
41736,106,158,93
41737,106,193,
41738,106,192,
41739,106,185,
41740,106,57,17
41741,106,58,11
41742,106,159,102
41743,106,59,14
41744,106,60,19
41745,106,61,11
41746,106,160,93
41747,106,62,6
41748,106,161,63
41749,106,63,11
41750,106,64,10
41751,106,181,39
41752,106,65,21
41753,106,66,21
41754,106,67,18
41755,106,189,
41756,106,68,21
41757,106,119,93
41758,106,162,56
41759,106,120,93
41760,106,163,93
41761,106,121,93
41762,106,122,63
41763,106,164,71
41764,106,123,56
41765,106,124,71
41766,106,125,56
41767,106,127,71
41768,106,69,4
41769,106,165,79
41770,106,128,71
41771,106,129,93
41772,106,130,56
41773,106,131,63
41774,106,166,63
41775,106,126,102
41776,106,73,11
41777,106,70,6
41778,106,132,63
41779,106,71,6
41780,106,167,71
41781,106,72,11
41782,106,133,83
41783,106,74,19
41784,106,76,11
41785,106,183,
41786,106,75,21
41787,106,77,17
41788,106,78,20
41789,106,79,14
41790,106,134,67
41791,106,168,71
41792,106,187,
41793,106,188,
41794,106,135,93
41795,106,136,83
41796,106,169,93
41797,106,81,21
41798,106,170,83
41799,106,137,93
41800,106,172,93
41801,106,171,71
41802,106,80,17
41803,106,173,56
41804,106,138,93
41805,106,174,101
41806,106,139,93
41807,106,82,17
41808,106,83,19
41809,106,190,
41810,106,175,93
41811,106,84,21
41812,106,176,93
41813,106,85,10
41814,106,140,71
41815,106,86,6
41816,106,177,93
41817,106,87,6
41818,106,88,11
41819,106,141,56
41820,106,142,56
41821,106,143,39
41822,106,178,63
41823,106,89,19
41824,106,90,21
41825,106,91,17
41827,106,92,4
41828,106,144,83
41829,106,145,39
41830,106,93,21
41831,106,94,6
41832,106,146,71
41833,106,95,20
41834,106,96,6
41835,106,97,11
41836,106,147,82
41837,106,98,21
41838,106,99,19
41839,106,148,71
41840,106,179,83
41841,106,180,71
41842,106,149,79
41843,106,150,56
41844,106,151,63
41845,106,152,71
41846,106,100,21
41847,106,101,19
41848,106,102,10
41849,106,153,71
41850,107,107,69
41851,107,155,69
41852,107,38,16
41853,107,184,
41854,107,108,82
41855,107,39,4
41856,107,40,6
41857,107,194,
41858,107,195,
41859,107,191,
41860,107,41,13
41861,107,42,13
41862,107,109,57
41863,107,44,13
41864,107,110,65
41865,107,45,13
41866,107,46,25
41867,107,156,80
41868,107,111,38
41869,107,47,6
41870,107,112,78
41871,107,48,16
41872,107,43,13
41873,107,113,59
41874,107,114,41
41875,107,49,10
41876,107,50,9
41877,107,51,17
41878,107,52,16
41879,107,115,57
41880,107,116,65
41881,107,53,16
41882,107,54,16
41883,107,55,26
41884,107,56,26
41885,107,117,41
41886,107,118,38
41887,107,157,80
41888,107,182,9
41889,107,158,65
41890,107,193,
41891,107,192,
41892,107,185,
41893,107,57,17
41894,107,58,16
41895,107,159,92
41896,107,59,25
41897,107,60,25
41898,107,61,16
41899,107,160,65
41900,107,62,6
41901,107,161,72
41902,107,63,16
41903,107,64,4
41904,107,181,69
41905,107,65,10
41906,107,66,10
41907,107,67,17
41908,107,189,
41909,107,68,16
41910,107,119,39
41911,107,162,41
41912,107,120,38
41913,107,163,38
41914,107,121,38
41915,107,122,72
41916,107,164,87
41917,107,123,78
41918,107,124,70
41919,107,125,41
41920,107,127,87
41921,107,69,4
41922,107,165,59
41923,107,128,70
41924,107,129,38
41925,107,130,41
41926,107,131,72
41927,107,166,72
41928,107,126,92
41929,107,73,16
41930,107,70,9
41931,107,132,72
41932,107,71,6
41933,107,167,87
41934,107,72,16
41935,107,133,59
41936,107,74,25
41937,107,76,16
41938,107,183,
41939,107,75,16
41940,107,77,17
41941,107,78,26
41942,107,79,25
41943,107,134,80
41944,107,168,70
41945,107,187,
41946,107,188,
41947,107,135,38
41948,107,136,59
41949,107,169,65
41950,107,81,16
41951,107,170,59
41952,107,137,65
41953,107,172,38
41954,107,171,87
41955,107,80,17
41956,107,173,78
41957,107,138,39
41958,107,174,82
41959,107,139,65
41960,107,82,17
41961,107,83,17
41962,107,190,
41963,107,175,39
41964,107,84,10
41965,107,176,38
41966,107,85,4
41967,107,140,87
41968,107,86,6
41969,107,177,38
41970,107,87,6
41971,107,88,16
41972,107,141,78
41973,107,142,41
41974,107,143,69
41975,107,178,72
41976,107,89,25
41977,107,90,16
41978,107,91,17
41980,107,92,4
41981,107,144,59
41982,107,145,69
41983,107,93,4
41984,107,94,6
41985,107,146,70
41986,107,95,13
41987,107,96,9
41988,107,97,16
41989,107,147,57
41990,107,98,10
41991,107,99,17
41992,107,148,70
41993,107,179,59
41994,107,180,70
41995,107,149,59
41996,107,150,78
41997,107,151,72
41998,107,152,87
41999,107,100,16
42000,107,101,17
42001,107,102,4
42002,107,153,87
42003,155,155,145
42004,155,38,16
42005,155,184,
42006,155,108,82
42007,155,39,4
42008,155,40,6
42009,155,194,
42010,155,195,
42011,155,191,
42012,155,41,13
42013,155,42,13
42014,155,109,57
42015,155,44,13
42016,155,110,65
42017,155,45,13
42018,155,46,25
42019,155,156,147
42020,155,111,38
42021,155,47,6
42022,155,112,78
42023,155,48,16
42024,155,43,13
42025,155,113,59
42026,155,114,41
42027,155,49,10
42028,155,50,9
42029,155,51,17
42030,155,52,16
42031,155,115,57
42032,155,116,65
42033,155,53,16
42034,155,54,16
42035,155,55,26
42036,155,56,26
42037,155,117,41
42038,155,118,38
42039,155,157,147
42040,155,182,9
42041,155,158,137
42042,155,193,
42043,155,192,
42044,155,185,
42045,155,57,17
42046,155,58,16
42047,155,159,143
42048,155,59,25
42049,155,60,25
42050,155,61,16
42051,155,160,137
42052,155,62,6
42053,155,161,131
42054,155,63,16
42055,155,64,4
42056,155,181,145
42057,155,65,10
42058,155,66,10
42059,155,67,17
42060,155,189,
42061,155,68,16
42062,155,119,39
42063,155,162,114
42064,155,120,38
42065,155,163,131
42066,155,121,38
42067,155,122,72
42068,155,164,140
42069,155,123,78
42070,155,124,70
42071,155,125,41
42072,155,127,87
42073,155,69,4
42074,155,165,149
42075,155,128,70
42076,155,129,38
42077,155,130,41
42078,155,131,72
42079,155,166,131
42080,155,126,92
42081,155,73,16
42082,155,70,9
42083,155,132,72
42084,155,71,6
42085,155,167,140
42086,155,72,16
42087,155,133,59
42088,155,74,25
42089,155,76,16
42090,155,183,
42091,155,75,16
42092,155,77,17
42093,155,78,26
42094,155,79,25
42095,155,134,80
42096,155,168,146
42097,155,187,
42098,155,188,
42099,155,135,38
42100,155,136,59
42101,155,169,137
42102,155,81,16
42103,155,170,149
42104,155,137,65
42105,155,172,131
42106,155,171,140
42107,155,80,17
42108,155,173,150
42109,155,138,39
42110,155,174,115
42111,155,139,65
42112,155,82,17
42113,155,83,17
42114,155,190,
42115,155,175,107
42116,155,84,10
42117,155,176,131
42118,155,85,4
42119,155,140,87
42120,155,86,6
42121,155,177,131
42122,155,87,6
42123,155,88,16
42124,155,141,78
42125,155,142,41
42126,155,143,69
42127,155,178,131
42128,155,89,25
42129,155,90,16
42130,155,91,17
42132,155,92,4
42133,155,144,59
42134,155,145,69
42135,155,93,4
42136,155,94,6
42137,155,146,70
42138,155,95,13
42139,155,96,9
42140,155,97,16
42141,155,147,57
42142,155,98,10
42143,155,99,17
42144,155,148,70
42145,155,179,149
42146,155,180,146
42147,155,149,59
42148,155,150,78
42149,155,151,72
42150,155,152,87
42151,155,100,16
42152,155,101,17
42153,155,102,4
42154,155,153,87
42155,38,38,11
42156,38,184,
42157,38,108,14
42158,38,39,16
42159,38,40,16
42160,38,194,
42161,38,195,
42162,38,191,
42163,38,41,14
42164,38,42,14
42165,38,109,25
42166,38,44,14
42167,38,110,10
42168,38,45,14
42169,38,46,12
42170,38,156,18
42171,38,111,22
42172,38,47,16
42173,38,112,25
42174,38,48,11
42175,38,43,14
42176,38,113,14
42177,38,114,14
42178,38,49,10
42179,38,50,11
42180,38,51,18
42181,38,52,11
42182,38,115,25
42183,38,116,10
42184,38,53,11
42185,38,54,22
42186,38,55,25
42187,38,56,25
42188,38,117,14
42189,38,118,22
42190,38,157,18
42191,38,182,11
42192,38,158,10
42193,38,193,
42194,38,192,
42195,38,185,
42196,38,57,25
42197,38,58,11
42198,38,159,10
42199,38,59,14
42200,38,60,12
42201,38,61,11
42202,38,160,10
42203,38,62,16
42204,38,161,11
42205,38,63,11
42206,38,64,10
42207,38,181,16
42208,38,65,10
42209,38,66,10
42210,38,67,18
42211,38,189,
42212,38,68,22
42213,38,119,11
42214,38,162,14
42215,38,120,22
42216,38,163,22
42217,38,121,22
42218,38,122,11
42219,38,164,16
42220,38,123,25
42221,38,124,11
42222,38,125,14
42223,38,127,16
42224,38,69,16
42225,38,165,14
42226,38,128,11
42227,38,129,22
42228,38,130,14
42229,38,131,11
42230,38,166,11
42231,38,126,10
42232,38,73,11
42233,38,70,11
42234,38,132,11
42235,38,71,16
42236,38,167,16
42237,38,72,11
42238,38,133,12
42239,38,74,12
42240,38,76,11
42241,38,183,
42242,38,75,22
42243,38,77,25
42244,38,78,25
42245,38,79,14
42246,38,134,18
42247,38,168,11
42248,38,187,
42249,38,188,
42250,38,135,22
42251,38,136,12
42252,38,169,10
42253,38,81,22
42254,38,170,12
42255,38,137,10
42256,38,172,22
42257,38,171,16
42258,38,80,25
42259,38,173,25
42260,38,138,11
42261,38,174,14
42262,38,139,10
42263,38,82,25
42264,38,83,14
42265,38,190,
42266,38,175,11
42267,38,84,10
42268,38,176,22
42269,38,85,10
42270,38,140,16
42271,38,86,16
42272,38,177,22
42273,38,87,16
42274,38,88,11
42275,38,141,25
42276,38,142,14
42277,38,143,16
42278,38,178,11
42279,38,89,12
42280,38,90,22
42281,38,91,25
42283,38,92,16
42284,38,144,12
42285,38,145,16
42286,38,93,11
42287,38,94,16
42288,38,146,11
42289,38,95,14
42290,38,96,11
42291,38,97,11
42292,38,147,25
42293,38,98,10
42294,38,99,14
42295,38,148,11
42296,38,179,12
42297,38,180,11
42298,38,149,14
42299,38,150,25
42300,38,151,11
42301,38,152,16
42302,38,100,22
42303,38,101,14
42304,38,102,10
42305,38,153,16
42306,184,184,
42307,184,108,
42308,184,39,
42309,184,40,
42310,184,194,
42311,184,195,
42312,184,191,
42313,184,41,
42314,184,42,
42315,184,109,
42316,184,44,
42317,184,110,
42318,184,45,
42319,184,46,
42320,184,156,
42321,184,111,
42322,184,47,
42323,184,112,
42324,184,48,
42325,184,43,
42326,184,113,
42327,184,114,
42328,184,49,
42329,184,50,
42330,184,51,
42331,184,52,
42332,184,115,
42333,184,116,
42334,184,53,
42335,184,54,
42336,184,55,
42337,184,56,
42338,184,117,
42339,184,118,
42340,184,157,
42341,184,182,23
42342,184,158,
42343,184,193,
42344,184,192,
42345,184,185,
42346,184,57,
42347,184,58,
42348,184,159,
42349,184,59,
42350,184,60,
42351,184,61,
42352,184,160,
42353,184,62,
42354,184,161,
42355,184,63,
42356,184,64,
42357,184,181,
42358,184,65,
42359,184,66,
42360,184,67,
42361,184,189,
42362,184,68,
42363,184,119,
42364,184,162,
42365,184,120,
42366,184,163,
42367,184,121,
42368,184,122,
42369,184,164,
42370,184,123,
42371,184,124,
42372,184,125,
42373,184,127,
42374,184,69,
42375,184,165,
42376,184,128,
42377,184,129,
42378,184,130,
42379,184,131,
42380,184,166,
42381,184,126,
42382,184,73,
42383,184,70,
42384,184,132,
42385,184,71,
42386,184,167,
42387,184,72,
42388,184,133,
42389,184,74,
42390,184,76,
42391,184,183,
42392,184,75,
42393,184,77,
42394,184,78,
42395,184,79,
42396,184,134,
42397,184,168,
42398,184,187,
42399,184,188,
42400,184,135,
42401,184,136,
42402,184,169,
42403,184,81,
42404,184,170,
42405,184,137,
42406,184,172,
42407,184,171,
42408,184,80,
42409,184,173,
42410,184,138,
42411,184,174,
42412,184,139,
42413,184,82,
42414,184,83,
42415,184,190,
42416,184,175,
42417,184,84,
42418,184,176,
42419,184,85,
42420,184,140,
42421,184,86,
42422,184,177,
42423,184,87,
42424,184,88,
42425,184,141,
42426,184,142,
42427,184,143,
42428,184,178,
42429,184,89,
42430,184,90,
42431,184,91,
42433,184,92,
42434,184,144,
42435,184,145,
42436,184,93,
42437,184,94,
42438,184,146,
42439,184,95,
42440,184,96,
42441,184,97,
42442,184,147,
42443,184,98,
42444,184,99,
42445,184,148,
42446,184,179,
42447,184,180,
42448,184,149,
42449,184,150,
42450,184,151,
42451,184,152,
42452,184,100,
42453,184,101,
42454,184,102,
42455,184,153,
42456,108,108,101
42457,108,39,17
42458,108,40,20
42459,108,194,
42460,108,195,
42461,108,191,
42462,108,41,20
42463,108,42,20
42464,108,109,82
42465,108,44,20
42466,108,110,99
42467,108,45,20
42468,108,46,19
42469,108,156,67
42470,108,111,83
42471,108,47,23
42472,108,112,56
42473,108,48,14
42474,108,43,20
42475,108,113,79
42476,108,114,56
42477,108,49,28
42478,108,50,20
42479,108,51,18
42480,108,52,27
42481,108,115,82
42482,108,116,64
42483,108,53,27
42484,108,54,28
42485,108,55,20
42486,108,56,20
42487,108,117,56
42488,108,118,64
42489,108,157,67
42490,108,182,23
42491,108,158,99
42492,108,193,
42493,108,192,
42494,108,185,
42495,108,57,17
42496,108,58,27
42497,108,159,64
42498,108,59,14
42499,108,60,19
42500,108,61,14
42501,108,160,64
42502,108,62,23
42503,108,161,97
42504,108,63,14
42505,108,64,28
42506,108,181,82
42507,108,65,19
42508,108,66,19
42509,108,67,18
42510,108,189,
42511,108,68,28
42512,108,119,101
42513,108,162,56
42514,108,120,64
42515,108,163,64
42516,108,121,83
42517,108,122,97
42518,108,164,147
42519,108,123,56
42520,108,124,147
42521,108,125,56
42522,108,127,56
42523,108,69,17
42524,108,165,79
42525,108,128,147
42526,108,129,83
42527,108,130,56
42528,108,131,79
42529,108,166,79
42530,108,126,64
42531,108,73,27
42532,108,70,20
42533,108,132,97
42534,108,71,20
42535,108,167,56
42536,108,72,14
42537,108,133,83
42538,108,74,19
42539,108,76,14
42540,108,183,
42541,108,75,19
42542,108,77,17
42543,108,78,20
42544,108,79,14
42545,108,134,67
42546,108,168,147
42547,108,187,
42548,108,188,
42549,108,135,64
42550,108,136,83
42551,108,169,64
42552,108,81,28
42553,108,170,83
42554,108,137,99
42555,108,172,83
42556,108,171,56
42557,108,80,17
42558,108,173,56
42559,108,138,101
42560,108,174,101
42561,108,139,64
42562,108,82,17
42563,108,83,19
42564,108,190,
42565,108,175,101
42566,108,84,28
42567,108,176,83
42568,108,85,18
42569,108,140,56
42570,108,86,20
42571,108,177,64
42572,108,87,20
42573,108,88,27
42574,108,141,56
42575,108,142,56
42576,108,143,82
42577,108,178,97
42578,108,89,19
42579,108,90,19
42580,108,91,17
42582,108,92,17
42583,108,144,83
42584,108,145,82
42585,108,93,19
42586,108,94,23
42587,108,146,56
42588,108,95,20
42589,108,96,20
42590,108,97,27
42591,108,147,82
42592,108,98,28
42593,108,99,19
42594,108,148,56
42595,108,179,83
42596,108,180,147
42597,108,149,79
42598,108,150,56
42599,108,151,97
42600,108,152,147
42601,108,100,19
42602,108,101,19
42603,108,102,18
42604,108,153,147
42605,39,39,4
42606,39,40,6
42607,39,194,
42608,39,195,
42609,39,191,
42610,39,41,13
42611,39,42,13
42612,39,109,17
42613,39,44,13
42614,39,110,10
42615,39,45,13
42616,39,46,25
42617,39,156,17
42618,39,111,16
42619,39,47,6
42620,39,112,26
42621,39,48,16
42622,39,43,13
42623,39,113,25
42624,39,114,13
42625,39,49,10
42626,39,50,9
42627,39,51,17
42628,39,52,16
42629,39,115,17
42630,39,116,10
42631,39,53,16
42632,39,54,16
42633,39,55,26
42634,39,56,26
42635,39,117,13
42636,39,118,16
42637,39,157,17
42638,39,182,9
42639,39,158,10
42640,39,193,
42641,39,192,
42642,39,185,
42643,39,57,17
42644,39,58,16
42645,39,159,4
42646,39,59,25
42647,39,60,25
42648,39,61,16
42649,39,160,10
42650,39,62,6
42651,39,161,16
42652,39,63,16
42653,39,64,4
42654,39,181,4
42655,39,65,10
42656,39,66,10
42657,39,67,17
42658,39,189,
42659,39,68,16
42660,39,119,4
42661,39,162,13
42662,39,120,16
42663,39,163,16
42664,39,121,16
42665,39,122,16
42666,39,164,6
42667,39,123,26
42668,39,124,9
42669,39,125,13
42670,39,127,6
42671,39,69,4
42672,39,165,25
42673,39,128,9
42674,39,129,16
42675,39,130,13
42676,39,131,16
42677,39,166,16
42678,39,126,4
42679,39,73,16
42680,39,70,9
42681,39,132,16
42682,39,71,6
42683,39,167,6
42684,39,72,16
42685,39,133,25
42686,39,74,25
42687,39,76,16
42688,39,183,
42689,39,75,16
42690,39,77,17
42691,39,78,26
42692,39,79,25
42693,39,134,17
42694,39,168,9
42695,39,187,
42696,39,188,
42697,39,135,16
42698,39,136,25
42699,39,169,10
42700,39,81,16
42701,39,170,25
42702,39,137,10
42703,39,172,16
42704,39,171,6
42705,39,80,17
42706,39,173,26
42707,39,138,4
42708,39,174,17
42709,39,139,10
42710,39,82,17
42711,39,83,17
42712,39,190,
42713,39,175,4
42714,39,84,10
42715,39,176,16
42716,39,85,4
42717,39,140,6
42718,39,86,6
42719,39,177,16
42720,39,87,6
42721,39,88,16
42722,39,141,26
42723,39,142,13
42724,39,143,4
42725,39,178,16
42726,39,89,25
42727,39,90,16
42728,39,91,17
42730,39,92,4
42731,39,144,25
42732,39,145,4
42733,39,93,4
42734,39,94,6
42735,39,146,9
42736,39,95,13
42737,39,96,9
42738,39,97,16
42739,39,147,17
42740,39,98,10
42741,39,99,17
42742,39,148,9
42743,39,179,25
42744,39,180,9
42745,39,149,25
42746,39,150,26
42747,39,151,16
42748,39,152,6
42749,39,100,16
42750,39,101,17
42751,39,102,4
42752,39,153,6
42753,40,40,6
42754,40,194,
42755,40,195,
42756,40,191,
42757,40,41,13
42758,40,42,13
42759,40,109,26
42760,40,44,13
42761,40,110,10
42762,40,45,13
42763,40,46,20
42764,40,156,26
42765,40,111,6
42766,40,47,6
42767,40,112,26
42768,40,48,16
42769,40,43,13
42770,40,113,25
42771,40,114,13
42772,40,49,10
42773,40,50,9
42774,40,51,26
42775,40,52,16
42776,40,115,26
42777,40,116,10
42778,40,53,16
42779,40,54,6
42780,40,55,26
42781,40,56,26
42782,40,117,13
42783,40,118,6
42784,40,157,26
42785,40,182,9
42786,40,158,10
42787,40,193,
42788,40,192,
42789,40,185,
42790,40,57,26
42791,40,58,16
42792,40,159,6
42793,40,59,25
42794,40,60,20
42795,40,61,16
42796,40,160,10
42797,40,62,6
42798,40,161,16
42799,40,63,16
42800,40,64,6
42801,40,181,6
42802,40,65,10
42803,40,66,10
42804,40,67,26
42805,40,189,
42806,40,68,6
42807,40,119,6
42808,40,162,13
42809,40,120,6
42810,40,163,6
42811,40,121,6
42812,40,122,16
42813,40,164,6
42814,40,123,26
42815,40,124,9
42816,40,125,13
42817,40,127,6
42818,40,69,6
42819,40,165,25
42820,40,128,9
42821,40,129,6
42822,40,130,13
42823,40,131,16
42824,40,166,16
42825,40,126,6
42826,40,73,16
42827,40,70,9
42828,40,132,16
42829,40,71,6
42830,40,167,6
42831,40,72,16
42832,40,133,20
42833,40,74,20
42834,40,76,16
42835,40,183,
42836,40,75,6
42837,40,77,26
42838,40,78,26
42839,40,79,25
42840,40,134,26
42841,40,168,9
42842,40,187,
42843,40,188,
42844,40,135,6
42845,40,136,20
42846,40,169,10
42847,40,81,6
42848,40,170,20
42849,40,137,10
42850,40,172,6
42851,40,171,6
42852,40,80,26
42853,40,173,26
42854,40,138,6
42855,40,174,20
42856,40,139,10
42857,40,82,26
42858,40,83,20
42859,40,190,
42860,40,175,6
42861,40,84,10
42862,40,176,6
42863,40,85,6
42864,40,140,6
42865,40,86,6
42866,40,177,6
42867,40,87,6
42868,40,88,16
42869,40,141,26
42870,40,142,13
42871,40,143,6
42872,40,178,16
42873,40,89,20
42874,40,90,6
42875,40,91,26
42877,40,92,6
42878,40,144,20
42879,40,145,6
42880,40,93,6
42881,40,94,6
42882,40,146,9
42883,40,95,13
42884,40,96,9
42885,40,97,16
42886,40,147,26
42887,40,98,10
42888,40,99,20
42889,40,148,9
42890,40,179,20
42891,40,180,9
42892,40,149,25
42893,40,150,26
42894,40,151,16
42895,40,152,6
42896,40,100,6
42897,40,101,20
42898,40,102,6
42899,40,153,6
42900,194,194,
42901,194,195,
42902,194,191,
42903,194,41,
42904,194,42,
42905,194,109,
42906,194,44,
42907,194,110,
42908,194,45,
42909,194,46,
42910,194,156,
42911,194,111,
42912,194,47,
42913,194,112,
42914,194,48,
42915,194,43,
42916,194,113,
42917,194,114,
42918,194,49,
42919,194,50,
42920,194,51,
42921,194,52,
42922,194,115,
42923,194,116,
42924,194,53,
42925,194,54,
42926,194,55,
42927,194,56,
42928,194,117,
42929,194,118,
42930,194,157,
42931,194,182,23
42932,194,158,
42933,194,193,
42934,194,192,
42935,194,185,
42936,194,57,
42937,194,58,
42938,194,159,
42939,194,59,
42940,194,60,
42941,194,61,
42942,194,160,
42943,194,62,
42944,194,161,
42945,194,63,
42946,194,64,
42947,194,181,
42948,194,65,
42949,194,66,
42950,194,67,
42951,194,189,
42952,194,68,
42953,194,119,
42954,194,162,
42955,194,120,
42956,194,163,
42957,194,121,
42958,194,122,
42959,194,164,
42960,194,123,
42961,194,124,
42962,194,125,
42963,194,127,
42964,194,69,
42965,194,165,
42966,194,128,
42967,194,129,
42968,194,130,
42969,194,131,
42970,194,166,
42971,194,126,
42972,194,73,
42973,194,70,
42974,194,132,
42975,194,71,
42976,194,167,
42977,194,72,
42978,194,133,
42979,194,74,
42980,194,76,
42981,194,183,
42982,194,75,
42983,194,77,
42984,194,78,
42985,194,79,
42986,194,134,
42987,194,168,
42988,194,187,
42989,194,188,
42990,194,135,
42991,194,136,
42992,194,169,
42993,194,81,
42994,194,170,
42995,194,137,
42996,194,172,
42997,194,171,
42998,194,80,
42999,194,173,
43000,194,138,
43001,194,174,
43002,194,139,
43003,194,82,
43004,194,83,
43005,194,190,
43006,194,175,
43007,194,84,
43008,194,176,
43009,194,85,
43010,194,140,
43011,194,86,
43012,194,177,
43013,194,87,
43014,194,88,
43015,194,141,
43016,194,142,
43017,194,143,
43018,194,178,
43019,194,89,
43020,194,90,
43021,194,91,
43023,194,92,
43024,194,144,
43025,194,145,
43026,194,93,
43027,194,94,
43028,194,146,
43029,194,95,
43030,194,96,
43031,194,97,
43032,194,147,
43033,194,98,
43034,194,99,
43035,194,148,
43036,194,179,
43037,194,180,
43038,194,149,
43039,194,150,
43040,194,151,
43041,194,152,
43042,194,100,
43043,194,101,
43044,194,102,
43045,194,153,
43046,195,195,
43047,195,191,
43048,195,41,
43049,195,42,
43050,195,109,
43051,195,44,
43052,195,110,
43053,195,45,
43054,195,46,
43055,195,156,
43056,195,111,
43057,195,47,
43058,195,112,
43059,195,48,
43060,195,43,
43061,195,113,
43062,195,114,
43063,195,49,
43064,195,50,
43065,195,51,
43066,195,52,
43067,195,115,
43068,195,116,
43069,195,53,
43070,195,54,
43071,195,55,
43072,195,56,
43073,195,117,
43074,195,118,
43075,195,157,
43076,195,182,6
43077,195,158,
43078,195,193,
43079,195,192,
43080,195,185,
43081,195,57,
43082,195,58,
43083,195,159,
43084,195,59,
43085,195,60,
43086,195,61,
43087,195,160,
43088,195,62,
43089,195,161,
43090,195,63,
43091,195,64,
43092,195,181,
43093,195,65,
43094,195,66,
43095,195,67,
43096,195,189,
43097,195,68,
43098,195,119,
43099,195,162,
43100,195,120,
43101,195,163,
43102,195,121,
43103,195,122,
43104,195,164,
43105,195,123,
43106,195,124,
43107,195,125,
43108,195,127,
43109,195,69,
43110,195,165,
43111,195,128,
43112,195,129,
43113,195,130,
43114,195,131,
43115,195,166,
43116,195,126,
43117,195,73,
43118,195,70,
43119,195,132,
43120,195,71,
43121,195,167,
43122,195,72,
43123,195,133,
43124,195,74,
43125,195,76,
43126,195,183,
43127,195,75,
43128,195,77,
43129,195,78,
43130,195,79,
43131,195,134,
43132,195,168,
43133,195,187,
43134,195,188,
43135,195,135,
43136,195,136,
43137,195,169,
43138,195,81,
43139,195,170,
43140,195,137,
43141,195,172,
43142,195,171,
43143,195,80,
43144,195,173,
43145,195,138,
43146,195,174,
43147,195,139,
43148,195,82,
43149,195,83,
43150,195,190,
43151,195,175,
43152,195,84,
43153,195,176,
43154,195,85,
43155,195,140,
43156,195,86,
43157,195,177,
43158,195,87,
43159,195,88,
43160,195,141,
43161,195,142,
43162,195,143,
43163,195,178,
43164,195,89,
43165,195,90,
43166,195,91,
43168,195,92,
43169,195,144,
43170,195,145,
43171,195,93,
43172,195,94,
43173,195,146,
43174,195,95,
43175,195,96,
43176,195,97,
43177,195,147,
43178,195,98,
43179,195,99,
43180,195,148,
43181,195,179,
43182,195,180,
43183,195,149,
43184,195,150,
43185,195,151,
43186,195,152,
43187,195,100,
43188,195,101,
43189,195,102,
43190,195,153,
43191,191,191,
43192,191,41,
43193,191,42,
43194,191,109,
43195,191,44,
43196,191,110,
43197,191,45,
43198,191,46,
43199,191,156,
43200,191,111,
43201,191,47,
43202,191,112,
43203,191,48,
43204,191,43,
43205,191,113,
43206,191,114,
43207,191,49,
43208,191,50,
43209,191,51,
43210,191,52,
43211,191,115,
43212,191,116,
43213,191,53,
43214,191,54,
43215,191,55,
43216,191,56,
43217,191,117,
43218,191,118,
43219,191,157,
43220,191,182,23
43221,191,158,
43222,191,193,
43223,191,192,
43224,191,185,
43225,191,57,
43226,191,58,
43227,191,159,
43228,191,59,
43229,191,60,
43230,191,61,
43231,191,160,
43232,191,62,
43233,191,161,
43234,191,63,
43235,191,64,
43236,191,181,
43237,191,65,
43238,191,66,
43239,191,67,
43240,191,189,
43241,191,68,
43242,191,119,
43243,191,162,
43244,191,120,
43245,191,163,
43246,191,121,
43247,191,122,
43248,191,164,
43249,191,123,
43250,191,124,
43251,191,125,
43252,191,127,
43253,191,69,
43254,191,165,
43255,191,128,
43256,191,129,
43257,191,130,
43258,191,131,
43259,191,166,
43260,191,126,
43261,191,73,
43262,191,70,
43263,191,132,
43264,191,71,
43265,191,167,
43266,191,72,
43267,191,133,
43268,191,74,
43269,191,76,
43270,191,183,
43271,191,75,
43272,191,77,
43273,191,78,
43274,191,79,
43275,191,134,
43276,191,168,
43277,191,187,
43278,191,188,
43279,191,135,
43280,191,136,
43281,191,169,
43282,191,81,
43283,191,170,
43284,191,137,
43285,191,172,
43286,191,171,
43287,191,80,
43288,191,173,
43289,191,138,
43290,191,174,
43291,191,139,
43292,191,82,
43293,191,83,
43294,191,190,
43295,191,175,
43296,191,84,
43297,191,176,
43298,191,85,
43299,191,140,
43300,191,86,
43301,191,177,
43302,191,87,
43303,191,88,
43304,191,141,
43305,191,142,
43306,191,143,
43307,191,178,
43308,191,89,
43309,191,90,
43310,191,91,
43312,191,92,
43313,191,144,
43314,191,145,
43315,191,93,
43316,191,94,
43317,191,146,
43318,191,95,
43319,191,96,
43320,191,97,
43321,191,147,
43322,191,98,
43323,191,99,
43324,191,148,
43325,191,179,
43326,191,180,
43327,191,149,
43328,191,150,
43329,191,151,
43330,191,152,
43331,191,100,
43332,191,101,
43333,191,102,
43334,191,153,
43335,41,41,2
43336,41,42,2
43337,41,109,13
43338,41,44,2
43339,41,110,8
43340,41,45,2
43341,41,46,30
43342,41,156,18
43343,41,111,30
43344,41,47,1
43345,41,112,13
43346,41,48,14
43347,41,43,2
43348,41,113,14
43349,41,114,2
43350,41,49,31
43351,41,50,2
43352,41,51,18
43353,41,52,24
43354,41,115,13
43355,41,116,31
43356,41,53,24
43357,41,54,29
43358,41,55,13
43359,41,56,13
43360,41,117,2
43361,41,118,29
43362,41,157,18
43363,41,182,1
43364,41,158,8
43365,41,193,
43366,41,192,
43367,41,185,
43368,41,57,13
43369,41,58,24
43370,41,159,28
43371,41,59,14
43372,41,60,30
43373,41,61,14
43374,41,160,31
43375,41,62,1
43376,41,161,24
43377,41,63,14
43378,41,64,28
43379,41,181,13
43380,41,65,8
43381,41,66,8
43382,41,67,18
43383,41,189,
43384,41,68,29
43385,41,119,20
43386,41,162,2
43387,41,120,29
43388,41,163,29
43389,41,121,30
43390,41,122,24
43391,41,164,1
43392,41,123,13
43393,41,124,1
43394,41,125,2
43395,41,127,13
43396,41,69,13
43397,41,165,14
43398,41,128,1
43399,41,129,30
43400,41,130,2
43401,41,131,14
43402,41,166,14
43403,41,126,28
43404,41,73,24
43405,41,70,2
43406,41,132,24
43407,41,71,13
43408,41,167,13
43409,41,72,14
43410,41,133,30
43411,41,74,30
43412,41,76,14
43413,41,183,
43414,41,75,30
43415,41,77,13
43416,41,78,13
43417,41,79,14
43418,41,134,18
43419,41,168,1
43420,41,187,
43421,41,188,
43422,41,135,29
43423,41,136,30
43424,41,169,31
43425,41,81,29
43426,41,170,30
43427,41,137,8
43428,41,172,30
43429,41,171,13
43430,41,80,13
43431,41,173,13
43432,41,138,20
43433,41,174,20
43434,41,139,31
43435,41,82,13
43436,41,83,20
43437,41,190,
43438,41,175,20
43439,41,84,31
43440,41,176,30
43441,41,85,18
43442,41,140,13
43443,41,86,13
43444,41,177,29
43445,41,87,13
43446,41,88,24
43447,41,141,13
43448,41,142,2
43449,41,143,13
43450,41,178,24
43451,41,89,30
43452,41,90,30
43453,41,91,13
43455,41,92,13
43456,41,144,30
43457,41,145,13
43458,41,93,20
43459,41,94,1
43460,41,146,2
43461,41,95,2
43462,41,96,2
43463,41,97,24
43464,41,147,13
43465,41,98,31
43466,41,99,20
43467,41,148,2
43468,41,179,30
43469,41,180,1
43470,41,149,14
43471,41,150,13
43472,41,151,24
43473,41,152,1
43474,41,100,30
43475,41,101,20
43476,41,102,18
43477,41,153,1
43478,42,42,2
43479,42,109,13
43480,42,44,2
43481,42,110,8
43482,42,45,2
43483,42,46,30
43484,42,156,18
43485,42,111,30
43486,42,47,1
43487,42,112,13
43488,42,48,14
43489,42,43,2
43490,42,113,14
43491,42,114,2
43492,42,49,31
43493,42,50,2
43494,42,51,18
43495,42,52,24
43496,42,115,13
43497,42,116,31
43498,42,53,24
43499,42,54,29
43500,42,55,13
43501,42,56,13
43502,42,117,2
43503,42,118,29
43504,42,157,18
43505,42,182,1
43506,42,158,8
43507,42,193,
43508,42,192,
43509,42,185,
43510,42,57,13
43511,42,58,24
43512,42,159,28
43513,42,59,14
43514,42,60,30
43515,42,61,14
43516,42,160,31
43517,42,62,1
43518,42,161,24
43519,42,63,14
43520,42,64,28
43521,42,181,13
43522,42,65,8
43523,42,66,8
43524,42,67,18
43525,42,189,
43526,42,68,29
43527,42,119,20
43528,42,162,2
43529,42,120,29
43530,42,163,29
43531,42,121,30
43532,42,122,24
43533,42,164,1
43534,42,123,13
43535,42,124,1
43536,42,125,2
43537,42,127,13
43538,42,69,13
43539,42,165,14
43540,42,128,1
43541,42,129,30
43542,42,130,2
43543,42,131,14
43544,42,166,14
43545,42,126,28
43546,42,73,24
43547,42,70,2
43548,42,132,24
43549,42,71,13
43550,42,167,13
43551,42,72,14
43552,42,133,30
43553,42,74,30
43554,42,76,14
43555,42,183,
43556,42,75,30
43557,42,77,13
43558,42,78,13
43559,42,79,14
43560,42,134,18
43561,42,168,1
43562,42,187,
43563,42,188,
43564,42,135,29
43565,42,136,30
43566,42,169,31
43567,42,81,29
43568,42,170,30
43569,42,137,8
43570,42,172,30
43571,42,171,13
43572,42,80,13
43573,42,173,13
43574,42,138,20
43575,42,174,20
43576,42,139,31
43577,42,82,13
43578,42,83,20
43579,42,190,
43580,42,175,20
43581,42,84,31
43582,42,176,30
43583,42,85,18
43584,42,140,13
43585,42,86,13
43586,42,177,29
43587,42,87,13
43588,42,88,24
43589,42,141,13
43590,42,142,2
43591,42,143,13
43592,42,178,24
43593,42,89,30
43594,42,90,30
43595,42,91,13
43597,42,92,13
43598,42,144,30
43599,42,145,13
43600,42,93,20
43601,42,94,1
43602,42,146,2
43603,42,95,2
43604,42,96,2
43605,42,97,24
43606,42,147,13
43607,42,98,31
43608,42,99,20
43609,42,148,2
43610,42,179,30
43611,42,180,1
43612,42,149,14
43613,42,150,13
43614,42,151,24
43615,42,152,1
43616,42,100,30
43617,42,101,20
43618,42,102,18
43619,42,153,1
43620,109,109,57
43621,109,44,13
43622,109,110,51
43623,109,45,13
43624,109,46,25
43625,109,156,80
43626,109,111,59
43627,109,47,23
43628,109,112,78
43629,109,48,25
43630,109,43,13
43631,109,113,59
43632,109,114,41
43633,109,49,3
43634,109,50,13
43635,109,51,17
43636,109,52,24
43637,109,115,57
43638,109,116,32
43639,109,53,24
43640,109,54,24
43641,109,55,26
43642,109,56,26
43643,109,117,41
43644,109,118,52
43645,109,157,80
43646,109,182,1
43647,109,158,51
43648,109,193,
43649,109,192,
43650,109,185,
43651,109,57,17
43652,109,58,24
43653,109,159,64
43654,109,59,25
43655,109,60,25
43656,109,61,25
43657,109,160,32
43658,109,62,23
43659,109,161,35
43660,109,63,25
43661,109,64,28
43662,109,181,57
43663,109,65,8
43664,109,66,8
43665,109,67,17
43666,109,189,
43667,109,68,24
43668,109,119,82
43669,109,162,41
43670,109,120,52
43671,109,163,52
43672,109,121,59
43673,109,122,35
43674,109,164,47
43675,109,123,78
43676,109,124,182
43677,109,125,41
43678,109,127,78
43679,109,69,17
43680,109,165,59
43681,109,128,182
43682,109,129,59
43683,109,130,41
43684,109,131,59
43685,109,166,59
43686,109,126,64
43687,109,73,24
43688,109,70,13
43689,109,132,35
43690,109,71,26
43691,109,167,78
43692,109,72,25
43693,109,133,59
43694,109,74,25
43695,109,76,25
43696,109,183,
43697,109,75,25
43698,109,77,17
43699,109,78,26
43700,109,79,25
43701,109,134,80
43702,109,168,182
43703,109,187,
43704,109,188,
43705,109,135,52
43706,109,136,59
43707,109,169,32
43708,109,81,24
43709,109,170,59
43710,109,137,51
43711,109,172,59
43712,109,171,78
43713,109,80,17
43714,109,173,78
43715,109,138,82
43716,109,174,82
43717,109,139,32
43718,109,82,17
43719,109,83,17
43720,109,190,
43721,109,175,82
43722,109,84,3
43723,109,176,59
43724,109,85,17
43725,109,140,78
43726,109,86,26
43727,109,177,52
43728,109,87,26
43729,109,88,24
43730,109,141,78
43731,109,142,41
43732,109,143,57
43733,109,178,35
43734,109,89,25
43735,109,90,25
43736,109,91,17
43738,109,92,17
43739,109,144,59
43740,109,145,57
43741,109,93,17
43742,109,94,23
43743,109,146,41
43744,109,95,13
43745,109,96,13
43746,109,97,24
43747,109,147,57
43748,109,98,3
43749,109,99,17
43750,109,148,41
43751,109,179,59
43752,109,180,182
43753,109,149,59
43754,109,150,78
43755,109,151,35
43756,109,152,47
43757,109,100,25
43758,109,101,17
43759,109,102,17
43760,109,153,47
43761,44,44,2
43762,44,110,8
43763,44,45,2
43764,44,46,30
43765,44,156,18
43766,44,111,30
43767,44,47,1
43768,44,112,13
43769,44,48,14
43770,44,43,2
43771,44,113,14
43772,44,114,2
43773,44,49,31
43774,44,50,2
43775,44,51,18
43776,44,52,24
43777,44,115,13
43778,44,116,31
43779,44,53,24
43780,44,54,29
43781,44,55,13
43782,44,56,13
43783,44,117,2
43784,44,118,29
43785,44,157,18
43786,44,182,1
43787,44,158,8
43788,44,193,
43789,44,192,
43790,44,185,
43791,44,57,13
43792,44,58,24
43793,44,159,28
43794,44,59,14
43795,44,60,30
43796,44,61,14
43797,44,160,31
43798,44,62,1
43799,44,161,24
43800,44,63,14
43801,44,64,28
43802,44,181,13
43803,44,65,8
43804,44,66,8
43805,44,67,18
43806,44,189,
43807,44,68,29
43808,44,119,20
43809,44,162,2
43810,44,120,29
43811,44,163,29
43812,44,121,30
43813,44,122,24
43814,44,164,1
43815,44,123,13
43816,44,124,1
43817,44,125,2
43818,44,127,13
43819,44,69,13
43820,44,165,14
43821,44,128,1
43822,44,129,30
43823,44,130,2
43824,44,131,14
43825,44,166,14
43826,44,126,28
43827,44,73,24
43828,44,70,2
43829,44,132,24
43830,44,71,13
43831,44,167,13
43832,44,72,14
43833,44,133,30
43834,44,74,30
43835,44,76,14
43836,44,183,
43837,44,75,30
43838,44,77,13
43839,44,78,13
43840,44,79,14
43841,44,134,18
43842,44,168,1
43843,44,187,
43844,44,188,
43845,44,135,29
43846,44,136,30
43847,44,169,31
43848,44,81,29
43849,44,170,30
43850,44,137,8
43851,44,172,30
43852,44,171,13
43853,44,80,13
43854,44,173,13
43855,44,138,20
43856,44,174,20
43857,44,139,31
43858,44,82,13
43859,44,83,20
43860,44,190,
43861,44,175,20
43862,44,84,31
43863,44,176,30
43864,44,85,18
43865,44,140,13
43866,44,86,13
43867,44,177,29
43868,44,87,13
43869,44,88,24
43870,44,141,13
43871,44,142,2
43872,44,143,13
43873,44,178,24
43874,44,89,30
43875,44,90,30
43876,44,91,13
43878,44,92,13
43879,44,144,30
43880,44,145,13
43881,44,93,20
43882,44,94,1
43883,44,146,2
43884,44,95,2
43885,44,96,2
43886,44,97,24
43887,44,147,13
43888,44,98,31
43889,44,99,20
43890,44,148,2
43891,44,179,30
43892,44,180,1
43893,44,149,14
43894,44,150,13
43895,44,151,24
43896,44,152,1
43897,44,100,30
43898,44,101,20
43899,44,102,18
43900,44,153,1
43901,110,110,66
43902,110,45,8
43903,110,46,8
43904,110,156,67
43905,110,111,65
43906,110,47,10
43907,110,112,51
43908,110,48,10
43909,110,43,8
43910,110,113,51
43911,110,114,51
43912,110,49,10
43913,110,50,10
43914,110,51,18
43915,110,52,10
43916,110,115,51
43917,110,116,66
43918,110,53,10
43919,110,54,10
43920,110,55,8
43921,110,56,8
43922,110,117,51
43923,110,118,65
43924,110,157,67
43925,110,182,10
43926,110,158,66
43927,110,193,
43928,110,192,
43929,110,185,
43930,110,57,8
43931,110,58,10
43932,110,159,102
43933,110,59,8
43934,110,60,8
43935,110,61,10
43936,110,160,66
43937,110,62,10
43938,110,161,66
43939,110,63,10
43940,110,64,10
43941,110,181,65
43942,110,65,10
43943,110,66,10
43944,110,67,18
43945,110,189,
43946,110,68,10
43947,110,119,93
43948,110,162,51
43949,110,120,65
43950,110,163,65
43951,110,121,65
43952,110,122,66
43953,110,164,33
43954,110,123,51
43955,110,124,33
43956,110,125,51
43957,110,127,33
43958,110,69,10
43959,110,165,51
43960,110,128,33
43961,110,129,65
43962,110,130,51
43963,110,131,66
43964,110,166,66
43965,110,126,102
43966,110,73,10
43967,110,70,10
43968,110,132,66
43969,110,71,10
43970,110,167,33
43971,110,72,10
43972,110,133,51
43973,110,74,8
43974,110,76,10
43975,110,183,
43976,110,75,10
43977,110,77,8
43978,110,78,8
43979,110,79,8
43980,110,134,67
43981,110,168,33
43982,110,187,
43983,110,188,
43984,110,135,65
43985,110,136,51
43986,110,169,66
43987,110,81,10
43988,110,170,51
43989,110,137,66
43990,110,172,65
43991,110,171,33
43992,110,80,8
43993,110,173,51
43994,110,138,93
43995,110,174,99
43996,110,139,66
43997,110,82,8
43998,110,83,19
43999,110,190,
44000,110,175,93
44001,110,84,10
44002,110,176,65
44003,110,85,10
44004,110,140,33
44005,110,86,10
44006,110,177,65
44007,110,87,10
44008,110,88,10
44009,110,141,51
44010,110,142,51
44011,110,143,65
44012,110,178,66
44013,110,89,8
44014,110,90,10
44015,110,91,8
44017,110,92,10
44018,110,144,51
44019,110,145,65
44020,110,93,21
44021,110,94,10
44022,110,146,33
44023,110,95,8
44024,110,96,10
44025,110,97,10
44026,110,147,51
44027,110,98,10
44028,110,99,19
44029,110,148,33
44030,110,179,51
44031,110,180,33
44032,110,149,51
44033,110,150,51
44034,110,151,66
44035,110,152,33
44036,110,100,10
44037,110,101,19
44038,110,102,10
44039,110,153,33
44040,45,45,2
44041,45,46,30
44042,45,156,18
44043,45,111,30
44044,45,47,1
44045,45,112,13
44046,45,48,14
44047,45,43,2
44048,45,113,14
44049,45,114,2
44050,45,49,31
44051,45,50,2
44052,45,51,18
44053,45,52,24
44054,45,115,13
44055,45,116,31
44056,45,53,24
44057,45,54,29
44058,45,55,13
44059,45,56,13
44060,45,117,2
44061,45,118,29
44062,45,157,18
44063,45,182,1
44064,45,158,8
44065,45,193,
44066,45,192,
44067,45,185,
44068,45,57,13
44069,45,58,24
44070,45,159,28
44071,45,59,14
44072,45,60,30
44073,45,61,14
44074,45,160,31
44075,45,62,1
44076,45,161,24
44077,45,63,14
44078,45,64,28
44079,45,181,13
44080,45,65,8
44081,45,66,8
44082,45,67,18
44083,45,189,
44084,45,68,29
44085,45,119,20
44086,45,162,2
44087,45,120,29
44088,45,163,29
44089,45,121,30
44090,45,122,24
44091,45,164,1
44092,45,123,13
44093,45,124,1
44094,45,125,2
44095,45,127,13
44096,45,69,13
44097,45,165,14
44098,45,128,1
44099,45,129,30
44100,45,130,2
44101,45,131,14
44102,45,166,14
44103,45,126,28
44104,45,73,24
44105,45,70,2
44106,45,132,24
44107,45,71,13
44108,45,167,13
44109,45,72,14
44110,45,133,30
44111,45,74,30
44112,45,76,14
44113,45,183,
44114,45,75,30
44115,45,77,13
44116,45,78,13
44117,45,79,14
44118,45,134,18
44119,45,168,1
44120,45,187,
44121,45,188,
44122,45,135,29
44123,45,136,30
44124,45,169,31
44125,45,81,29
44126,45,170,30
44127,45,137,8
44128,45,172,30
44129,45,171,13
44130,45,80,13
44131,45,173,13
44132,45,138,20
44133,45,174,20
44134,45,139,31
44135,45,82,13
44136,45,83,20
44137,45,190,
44138,45,175,20
44139,45,84,31
44140,45,176,30
44141,45,85,18
44142,45,140,13
44143,45,86,13
44144,45,177,29
44145,45,87,13
44146,45,88,24
44147,45,141,13
44148,45,142,2
44149,45,143,13
44150,45,178,24
44151,45,89,30
44152,45,90,30
44153,45,91,13
44155,45,92,13
44156,45,144,30
44157,45,145,13
44158,45,93,20
44159,45,94,1
44160,45,146,2
44161,45,95,2
44162,45,96,2
44163,45,97,24
44164,45,147,13
44165,45,98,31
44166,45,99,20
44167,45,148,2
44168,45,179,30
44169,45,180,1
44170,45,149,14
44171,45,150,13
44172,45,151,24
44173,45,152,1
44174,45,100,30
44175,45,101,20
44176,45,102,18
44177,45,153,1
44178,46,46,7
44179,46,156,18
44180,46,111,7
44181,46,47,15
44182,46,112,20
44183,46,48,12
44184,46,43,30
44185,46,113,12
44186,46,114,30
44187,46,49,3
44188,46,50,30
44189,46,51,18
44190,46,52,29
44191,46,115,25
44192,46,116,3
44193,46,53,29
44194,46,54,5
44195,46,55,20
44196,46,56,20
44197,46,117,30
44198,46,118,5
44199,46,157,18
44200,46,182,29
44201,46,158,8
44202,46,193,
44203,46,192,
44204,46,185,
44205,46,57,25
44206,46,58,29
44207,46,159,28
44208,46,59,12
44209,46,60,7
44210,46,61,12
44211,46,160,3
44212,46,62,15
44213,46,161,29
44214,46,63,12
44215,46,64,28
44216,46,181,25
44217,46,65,8
44218,46,66,8
44219,46,67,18
44220,46,189,
44221,46,68,5
44222,46,119,19
44223,46,162,30
44224,46,120,5
44225,46,163,5
44226,46,121,7
44227,46,122,29
44228,46,164,15
44229,46,123,20
44230,46,124,29
44231,46,125,30
44232,46,127,20
44233,46,69,25
44234,46,165,12
44235,46,128,29
44236,46,129,7
44237,46,130,30
44238,46,131,12
44239,46,166,12
44240,46,126,28
44241,46,73,29
44242,46,70,30
44243,46,132,29
44244,46,71,20
44245,46,167,20
44246,46,72,12
44247,46,133,7
44248,46,74,7
44249,46,76,12
44250,46,183,
44251,46,75,7
44252,46,77,25
44253,46,78,20
44254,46,79,12
44255,46,134,18
44256,46,168,29
44257,46,187,
44258,46,188,
44259,46,135,5
44260,46,136,7
44261,46,169,3
44262,46,81,5
44263,46,170,7
44264,46,137,8
44265,46,172,7
44266,46,171,20
44267,46,80,25
44268,46,173,20
44269,46,138,19
44270,46,174,19
44271,46,139,3
44272,46,82,25
44273,46,83,19
44274,46,190,
44275,46,175,19
44276,46,84,3
44277,46,176,7
44278,46,85,18
44279,46,140,20
44280,46,86,20
44281,46,177,5
44282,46,87,20
44283,46,88,29
44284,46,141,20
44285,46,142,30
44286,46,143,25
44287,46,178,29
44288,46,89,7
44289,46,90,7
44290,46,91,25
44292,46,92,25
44293,46,144,7
44294,46,145,25
44295,46,93,19
44296,46,94,15
44297,46,146,30
44298,46,95,30
44299,46,96,30
44300,46,97,29
44301,46,147,25
44302,46,98,3
44303,46,99,19
44304,46,148,30
44305,46,179,7
44306,46,180,29
44307,46,149,12
44308,46,150,20
44309,46,151,29
44310,46,152,15
44311,46,100,7
44312,46,101,19
44313,46,102,18
44314,46,153,15
44315,156,156,134
44316,156,111,67
44317,156,47,15
44318,156,112,55
44319,156,48,18
44320,156,43,18
44321,156,113,67
44322,156,114,67
44323,156,49,28
44324,156,50,18
44325,156,51,18
44326,156,52,28
44327,156,115,80
44328,156,116,64
44329,156,53,28
44330,156,54,28
44331,156,55,26
44332,156,56,26
44333,156,117,67
44334,156,118,64
44335,156,157,134
44336,156,182,28
44337,156,158,134
44338,156,193,
44339,156,192,
44340,156,185,
44341,156,57,17
44342,156,58,28
44343,156,159,126
44344,156,59,18
44345,156,60,18
44346,156,61,18
44347,156,160,126
44348,156,62,15
44349,156,161,126
44350,156,63,18
44351,156,64,28
44352,156,181,147
44353,156,65,18
44354,156,66,18
44355,156,67,18
44356,156,189,
44357,156,68,28
44358,156,119,67
44359,156,162,134
44360,156,120,64
44361,156,163,126
44362,156,121,67
44363,156,122,64
44364,156,164,152
44365,156,123,55
44366,156,124,64
44367,156,125,67
44368,156,127,55
44369,156,69,17
44370,156,165,134
44371,156,128,64
44372,156,129,67
44373,156,130,67
44374,156,131,67
44375,156,166,134
44376,156,126,64
44377,156,73,28
44378,156,70,18
44379,156,132,64
44380,156,71,26
44381,156,167,141
44382,156,72,18
44383,156,133,67
44384,156,74,18
44385,156,76,18
44386,156,183,
44387,156,75,18
44388,156,77,17
44389,156,78,26
44390,156,79,18
44391,156,134,67
44392,156,168,126
44393,156,187,
44394,156,188,
44395,156,135,64
44396,156,136,67
44397,156,169,126
44398,156,81,28
44399,156,170,134
44400,156,137,67
44401,156,172,134
44402,156,171,141
44403,156,80,17
44404,156,173,141
44405,156,138,67
44406,156,174,134
44407,156,139,64
44408,156,82,17
44409,156,83,18
44410,156,190,
44411,156,175,134
44412,156,84,28
44413,156,176,134
44414,156,85,18
44415,156,140,55
44416,156,86,26
44417,156,177,126
44418,156,87,26
44419,156,88,28
44420,156,141,55
44421,156,142,67
44422,156,143,80
44423,156,178,126
44424,156,89,18
44425,156,90,18
44426,156,91,17
44428,156,92,17
44429,156,144,67
44430,156,145,80
44431,156,93,18
44432,156,94,15
44433,156,146,67
44434,156,95,18
44435,156,96,18
44436,156,97,28
44437,156,147,80
44438,156,98,28
44439,156,99,18
44440,156,148,67
44441,156,179,134
44442,156,180,126
44443,156,149,67
44444,156,150,55
44445,156,151,64
44446,156,152,47
44447,156,100,18
44448,156,101,18
44449,156,102,18
44450,156,153,47
44451,111,111,90
44452,111,47,6
44453,111,112,55
44454,111,48,22
44455,111,43,30
44456,111,113,36
44457,111,114,60
44458,111,49,10
44459,111,50,22
44460,111,51,18
44461,111,52,22
44462,111,115,59
44463,111,116,65
44464,111,53,22
44465,111,54,22
44466,111,55,20
44467,111,56,20
44468,111,117,60
44469,111,118,90
44470,111,157,67
44471,111,182,22
44472,111,158,65
44473,111,193,
44474,111,192,
44475,111,185,
44476,111,57,25
44477,111,58,22
44478,111,159,85
44479,111,59,12
44480,111,60,7
44481,111,61,22
44482,111,160,65
44483,111,62,6
44484,111,161,75
44485,111,63,22
44486,111,64,10
44487,111,181,38
44488,111,65,10
44489,111,66,10
44490,111,67,18
44491,111,189,
44492,111,68,22
44493,111,119,93
44494,111,162,60
44495,111,120,90
44496,111,163,90
44497,111,121,90
44498,111,122,75
44499,111,164,86
44500,111,123,55
44501,111,124,100
44502,111,125,60
44503,111,127,86
44504,111,69,16
44505,111,165,36
44506,111,128,100
44507,111,129,90
44508,111,130,60
44509,111,131,75
44510,111,166,75
44511,111,126,85
44512,111,73,22
44513,111,70,22
44514,111,132,75
44515,111,71,6
44516,111,167,86
44517,111,72,22
44518,111,133,46
44519,111,74,7
44520,111,76,22
44521,111,183,
44522,111,75,22
44523,111,77,25
44524,111,78,20
44525,111,79,12
44526,111,134,67
44527,111,168,100
44528,111,187,
44529,111,188,
44530,111,135,90
44531,111,136,46
44532,111,169,65
44533,111,81,22
44534,111,170,46
44535,111,137,65
44536,111,172,90
44537,111,171,86
44538,111,80,25
44539,111,173,55
44540,111,138,93
44541,111,174,83
44542,111,139,65
44543,111,82,25
44544,111,83,19
44545,111,190,
44546,111,175,93
44547,111,84,10
44548,111,176,90
44549,111,85,10
44550,111,140,86
44551,111,86,6
44552,111,177,90
44553,111,87,6
44554,111,88,22
44555,111,141,55
44556,111,142,60
44557,111,143,38
44558,111,178,75
44559,111,89,7
44560,111,90,22
44561,111,91,25
44563,111,92,16
44564,111,144,46
44565,111,145,38
44566,111,93,21
44567,111,94,6
44568,111,146,100
44569,111,95,30
44570,111,96,22
44571,111,97,22
44572,111,147,59
44573,111,98,10
44574,111,99,19
44575,111,148,100
44576,111,179,46
44577,111,180,100
44578,111,149,36
44579,111,150,55
44580,111,151,75
44581,111,152,86
44582,111,100,22
44583,111,101,19
44584,111,102,10
44585,111,153,86
44586,47,47,15
44587,47,112,15
44588,47,48,16
44589,47,43,1
44590,47,113,27
44591,47,114,1
44592,47,49,3
44593,47,50,9
44594,47,51,15
44595,47,52,27
44596,47,115,23
44597,47,116,3
44598,47,53,27
44599,47,54,15
44600,47,55,15
44601,47,56,15
44602,47,117,1
44603,47,118,15
44604,47,157,15
44605,47,182,1
44606,47,158,10
44607,47,193,
44608,47,192,
44609,47,185,
44610,47,57,23
44611,47,58,27
44612,47,159,15
44613,47,59,27
44614,47,60,15
44615,47,61,16
44616,47,160,3
44617,47,62,15
44618,47,161,27
44619,47,63,16
44620,47,64,15
44621,47,181,6
44622,47,65,10
44623,47,66,10
44624,47,67,15
44625,47,189,
44626,47,68,15
44627,47,119,6
44628,47,162,1
44629,47,120,15
44630,47,163,15
44631,47,121,6
44632,47,122,27
44633,47,164,15
44634,47,123,15
44635,47,124,1
44636,47,125,1
44637,47,127,6
44638,47,69,6
44639,47,165,27
44640,47,128,1
44641,47,129,6
44642,47,130,1
44643,47,131,16
44644,47,166,16
44645,47,126,15
44646,47,73,27
44647,47,70,9
44648,47,132,27
44649,47,71,6
44650,47,167,6
44651,47,72,16
44652,47,133,15
44653,47,74,15
44654,47,76,16
44655,47,183,
44656,47,75,6
44657,47,77,23
44658,47,78,15
44659,47,79,27
44660,47,134,15
44661,47,168,1
44662,47,187,
44663,47,188,
44664,47,135,15
44665,47,136,15
44666,47,169,3
44667,47,81,15
44668,47,170,15
44669,47,137,10
44670,47,172,6
44671,47,171,6
44672,47,80,23
44673,47,173,15
44674,47,138,6
44675,47,174,23
44676,47,139,3
44677,47,82,23
44678,47,83,23
44679,47,190,
44680,47,175,6
44681,47,84,3
44682,47,176,6
44683,47,85,6
44684,47,140,6
44685,47,86,6
44686,47,177,15
44687,47,87,6
44688,47,88,27
44689,47,141,15
44690,47,142,1
44691,47,143,6
44692,47,178,27
44693,47,89,15
44694,47,90,6
44695,47,91,23
44697,47,92,6
44698,47,144,15
44699,47,145,6
44700,47,93,6
44701,47,94,15
44702,47,146,9
44703,47,95,1
44704,47,96,9
44705,47,97,27
44706,47,147,23
44707,47,98,3
44708,47,99,23
44709,47,148,9
44710,47,179,15
44711,47,180,1
44712,47,149,27
44713,47,150,15
44714,47,151,27
44715,47,152,15
44716,47,100,6
44717,47,101,23
44718,47,102,6
44719,47,153,15
44720,112,112,78
44721,112,48,25
44722,112,43,13
44723,112,113,59
44724,112,114,42
44725,112,49,3
44726,112,50,13
44727,112,51,26
44728,112,52,27
44729,112,115,78
44730,112,116,32
44731,112,53,27
44732,112,54,15
44733,112,55,26
44734,112,56,26
44735,112,117,42
44736,112,118,62
44737,112,157,55
44738,112,182,1
44739,112,158,51
44740,112,193,
44741,112,192,
44742,112,185,
44743,112,57,26
44744,112,58,27
44745,112,159,47
44746,112,59,25
44747,112,60,20
44748,112,61,25
44749,112,160,32
44750,112,62,15
44751,112,161,73
44752,112,63,25
44753,112,64,15
44754,112,181,78
44755,112,65,8
44756,112,66,8
44757,112,67,26
44758,112,189,
44759,112,68,15
44760,112,119,56
44761,112,162,42
44762,112,120,62
44763,112,163,62
44764,112,121,55
44765,112,122,73
44766,112,164,62
44767,112,123,78
44768,112,124,182
44769,112,125,42
44770,112,127,78
44771,112,69,26
44772,112,165,59
44773,112,128,182
44774,112,129,55
44775,112,130,42
44776,112,131,59
44777,112,166,59
44778,112,126,47
44779,112,73,27
44780,112,70,13
44781,112,132,73
44782,112,71,26
44783,112,167,78
44784,112,72,25
44785,112,133,55
44786,112,74,20
44787,112,76,25
44788,112,183,
44789,112,75,20
44790,112,77,26
44791,112,78,26
44792,112,79,25
44793,112,134,55
44794,112,168,182
44795,112,187,
44796,112,188,
44797,112,135,62
44798,112,136,55
44799,112,169,32
44800,112,81,15
44801,112,170,55
44802,112,137,51
44803,112,172,55
44804,112,171,78
44805,112,80,26
44806,112,173,78
44807,112,138,56
44808,112,174,56
44809,112,139,32
44810,112,82,26
44811,112,83,20
44812,112,190,
44813,112,175,56
44814,112,84,3
44815,112,176,55
44816,112,85,26
44817,112,140,78
44818,112,86,26
44819,112,177,62
44820,112,87,26
44821,112,88,27
44822,112,141,78
44823,112,142,42
44824,112,143,78
44825,112,178,73
44826,112,89,20
44827,112,90,20
44828,112,91,26
44830,112,92,26
44831,112,144,55
44832,112,145,78
44833,112,93,20
44834,112,94,15
44835,112,146,42
44836,112,95,13
44837,112,96,13
44838,112,97,27
44839,112,147,78
44840,112,98,3
44841,112,99,20
44842,112,148,42
44843,112,179,55
44844,112,180,182
44845,112,149,59
44846,112,150,78
44847,112,151,73
44848,112,152,62
44849,112,100,20
44850,112,101,20
44851,112,102,26
44852,112,153,62
44853,48,48,11
44854,48,43,14
44855,48,113,14
44856,48,114,14
44857,48,49,10
44858,48,50,11
44859,48,51,18
44860,48,52,11
44861,48,115,25
44862,48,116,10
44863,48,53,11
44864,48,54,22
44865,48,55,25
44866,48,56,25
44867,48,117,14
44868,48,118,22
44869,48,157,18
44870,48,182,11
44871,48,158,10
44872,48,193,
44873,48,192,
44874,48,185,
44875,48,57,25
44876,48,58,11
44877,48,159,10
44878,48,59,14
44879,48,60,12
44880,48,61,11
44881,48,160,10
44882,48,62,16
44883,48,161,11
44884,48,63,11
44885,48,64,10
44886,48,181,16
44887,48,65,10
44888,48,66,10
44889,48,67,18
44890,48,189,
44891,48,68,22
44892,48,119,11
44893,48,162,14
44894,48,120,22
44895,48,163,22
44896,48,121,22
44897,48,122,11
44898,48,164,16
44899,48,123,25
44900,48,124,11
44901,48,125,14
44902,48,127,16
44903,48,69,16
44904,48,165,14
44905,48,128,11
44906,48,129,22
44907,48,130,14
44908,48,131,11
44909,48,166,11
44910,48,126,10
44911,48,73,11
44912,48,70,11
44913,48,132,11
44914,48,71,16
44915,48,167,16
44916,48,72,11
44917,48,133,12
44918,48,74,12
44919,48,76,11
44920,48,183,
44921,48,75,22
44922,48,77,25
44923,48,78,25
44924,48,79,14
44925,48,134,18
44926,48,168,11
44927,48,187,
44928,48,188,
44929,48,135,22
44930,48,136,12
44931,48,169,10
44932,48,81,22
44933,48,170,12
44934,48,137,10
44935,48,172,22
44936,48,171,16
44937,48,80,25
44938,48,173,25
44939,48,138,11
44940,48,174,14
44941,48,139,10
44942,48,82,25
44943,48,83,14
44944,48,190,
44945,48,175,11
44946,48,84,10
44947,48,176,22
44948,48,85,10
44949,48,140,16
44950,48,86,16
44951,48,177,22
44952,48,87,16
44953,48,88,11
44954,48,141,25
44955,48,142,14
44956,48,143,16
44957,48,178,11
44958,48,89,12
44959,48,90,22
44960,48,91,25
44962,48,92,16
44963,48,144,12
44964,48,145,16
44965,48,93,11
44966,48,94,16
44967,48,146,11
44968,48,95,14
44969,48,96,11
44970,48,97,11
44971,48,147,25
44972,48,98,10
44973,48,99,14
44974,48,148,11
44975,48,179,12
44976,48,180,11
44977,48,149,14
44978,48,150,25
44979,48,151,11
44980,48,152,16
44981,48,100,22
44982,48,101,14
44983,48,102,10
44984,48,153,16
44985,43,43,2
44986,43,113,14
44987,43,114,2
44988,43,49,31
44989,43,50,2
44990,43,51,18
44991,43,52,24
44992,43,115,13
44993,43,116,31
44994,43,53,24
44995,43,54,29
44996,43,55,13
44997,43,56,13
44998,43,117,2
44999,43,118,29
45000,43,157,18
45001,43,182,1
45002,43,158,8
45003,43,193,
45004,43,192,
45005,43,185,
45006,43,57,13
45007,43,58,24
45008,43,159,28
45009,43,59,14
45010,43,60,30
45011,43,61,14
45012,43,160,31
45013,43,62,1
45014,43,161,24
45015,43,63,14
45016,43,64,28
45017,43,181,13
45018,43,65,8
45019,43,66,8
45020,43,67,18
45021,43,189,
45022,43,68,29
45023,43,119,20
45024,43,162,2
45025,43,120,29
45026,43,163,29
45027,43,121,30
45028,43,122,24
45029,43,164,1
45030,43,123,13
45031,43,124,1
45032,43,125,2
45033,43,127,13
45034,43,69,13
45035,43,165,14
45036,43,128,1
45037,43,129,30
45038,43,130,2
45039,43,131,14
45040,43,166,14
45041,43,126,28
45042,43,73,24
45043,43,70,2
45044,43,132,24
45045,43,71,13
45046,43,167,13
45047,43,72,14
45048,43,133,30
45049,43,74,30
45050,43,76,14
45051,43,183,
45052,43,75,30
45053,43,77,13
45054,43,78,13
45055,43,79,14
45056,43,134,18
45057,43,168,1
45058,43,187,
45059,43,188,
45060,43,135,29
45061,43,136,30
45062,43,169,31
45063,43,81,29
45064,43,170,30
45065,43,137,8
45066,43,172,30
45067,43,171,13
45068,43,80,13
45069,43,173,13
45070,43,138,20
45071,43,174,20
45072,43,139,31
45073,43,82,13
45074,43,83,20
45075,43,190,
45076,43,175,20
45077,43,84,31
45078,43,176,30
45079,43,85,18
45080,43,140,13
45081,43,86,13
45082,43,177,29
45083,43,87,13
45084,43,88,24
45085,43,141,13
45086,43,142,2
45087,43,143,13
45088,43,178,24
45089,43,89,30
45090,43,90,30
45091,43,91,13
45093,43,92,13
45094,43,144,30
45095,43,145,13
45096,43,93,20
45097,43,94,1
45098,43,146,2
45099,43,95,2
45100,43,96,2
45101,43,97,24
45102,43,147,13
45103,43,98,31
45104,43,99,20
45105,43,148,2
45106,43,179,30
45107,43,180,1
45108,43,149,14
45109,43,150,13
45110,43,151,24
45111,43,152,1
45112,43,100,30
45113,43,101,20
45114,43,102,18
45115,43,153,1
45116,113,113,79
45117,113,114,79
45118,113,49,3
45119,113,50,14
45120,113,51,18
45121,113,52,27
45122,113,115,59
45123,113,116,84
45124,113,53,27
45125,113,54,29
45126,113,55,25
45127,113,56,25
45128,113,117,79
45129,113,118,68
45130,113,157,67
45131,113,182,24
45132,113,158,51
45133,113,193,
45134,113,192,
45135,113,185,
45136,113,57,25
45137,113,58,27
45138,113,159,64
45139,113,59,14
45140,113,60,12
45141,113,61,14
45142,113,160,84
45143,113,62,27
45144,113,161,53
45145,113,63,14
45146,113,64,28
45147,113,181,59
45148,113,65,8
45149,113,66,8
45150,113,67,18
45151,113,189,
45152,113,68,29
45153,113,119,79
45154,113,162,79
45155,113,120,68
45156,113,163,68
45157,113,121,36
45158,113,122,53
45159,113,164,73
45160,113,123,59
45161,113,124,88
45162,113,125,79
45163,113,127,59
45164,113,69,25
45165,113,165,79
45166,113,128,88
45167,113,129,36
45168,113,130,79
45169,113,131,79
45170,113,166,79
45171,113,126,64
45172,113,73,27
45173,113,70,14
45174,113,132,53
45175,113,71,25
45176,113,167,59
45177,113,72,14
45178,113,133,36
45179,113,74,12
45180,113,76,14
45181,113,183,
45182,113,75,12
45183,113,77,25
45184,113,78,25
45185,113,79,14
45186,113,134,67
45187,113,168,88
45188,113,187,
45189,113,188,
45190,113,135,68
45191,113,136,36
45192,113,169,84
45193,113,81,29
45194,113,170,36
45195,113,137,51
45196,113,172,36
45197,113,171,59
45198,113,80,25
45199,113,173,59
45200,113,138,79
45201,113,174,79
45202,113,139,84
45203,113,82,25
45204,113,83,14
45205,113,190,
45206,113,175,79
45207,113,84,3
45208,113,176,36
45209,113,85,18
45210,113,140,59
45211,113,86,25
45212,113,177,68
45213,113,87,25
45214,113,88,27
45215,113,141,59
45216,113,142,79
45217,113,143,59
45218,113,178,53
45219,113,89,12
45220,113,90,12
45221,113,91,25
45223,113,92,25
45224,113,144,36
45225,113,145,59
45226,113,93,14
45227,113,94,27
45228,113,146,79
45229,113,95,14
45230,113,96,14
45231,113,97,27
45232,113,147,59
45233,113,98,3
45234,113,99,14
45235,113,148,79
45236,113,179,36
45237,113,180,88
45238,113,149,79
45239,113,150,59
45240,113,151,53
45241,113,152,73
45242,113,100,12
45243,113,101,14
45244,113,102,18
45245,113,153,73
45246,114,114,43
45247,114,49,31
45248,114,50,2
45249,114,51,18
45250,114,52,24
45251,114,115,41
45252,114,116,98
45253,114,53,24
45254,114,54,29
45255,114,55,13
45256,114,56,13
45257,114,117,43
45258,114,118,54
45259,114,157,67
45260,114,182,1
45261,114,158,51
45262,114,193,
45263,114,192,
45264,114,185,
45265,114,57,13
45266,114,58,24
45267,114,159,64
45268,114,59,14
45269,114,60,30
45270,114,61,14
45271,114,160,98
45272,114,62,1
45273,114,161,88
45274,114,63,14
45275,114,64,28
45276,114,181,41
45277,114,65,8
45278,114,66,8
45279,114,67,18
45280,114,189,
45281,114,68,29
45282,114,119,56
45283,114,162,43
45284,114,120,54
45285,114,163,54
45286,114,121,60
45287,114,122,88
45288,114,164,182
45289,114,123,42
45290,114,124,182
45291,114,125,43
45292,114,127,42
45293,114,69,13
45294,114,165,79
45295,114,128,182
45296,114,129,60
45297,114,130,43
45298,114,131,79
45299,114,166,79
45300,114,126,64
45301,114,73,24
45302,114,70,2
45303,114,132,88
45304,114,71,13
45305,114,167,42
45306,114,72,14
45307,114,133,60
45308,114,74,30
45309,114,76,14
45310,114,183,
45311,114,75,30
45312,114,77,13
45313,114,78,13
45314,114,79,14
45315,114,134,67
45316,114,168,182
45317,114,187,
45318,114,188,
45319,114,135,54
45320,114,136,60
45321,114,169,98
45322,114,81,29
45323,114,170,60
45324,114,137,51
45325,114,172,60
45326,114,171,42
45327,114,80,13
45328,114,173,42
45329,114,138,56
45330,114,174,56
45331,114,139,98
45332,114,82,13
45333,114,83,20
45334,114,190,
45335,114,175,56
45336,114,84,31
45337,114,176,60
45338,114,85,18
45339,114,140,42
45340,114,86,13
45341,114,177,54
45342,114,87,13
45343,114,88,24
45344,114,141,42
45345,114,142,43
45346,114,143,41
45347,114,178,88
45348,114,89,30
45349,114,90,30
45350,114,91,13
45352,114,92,13
45353,114,144,60
45354,114,145,41
45355,114,93,20
45356,114,94,1
45357,114,146,43
45358,114,95,2
45359,114,96,2
45360,114,97,24
45361,114,147,41
45362,114,98,31
45363,114,99,20
45364,114,148,43
45365,114,179,60
45366,114,180,182
45367,114,149,79
45368,114,150,42
45369,114,151,88
45370,114,152,182
45371,114,100,30
45372,114,101,20
45373,114,102,18
45374,114,153,182
45375,49,49,3
45376,49,50,10
45377,49,51,28
45378,49,52,3
45379,49,115,3
45380,49,116,3
45381,49,53,3
45382,49,54,3
45383,49,55,3
45384,49,56,3
45385,49,117,31
45386,49,118,3
45387,49,157,28
45388,49,182,31
45389,49,158,10
45390,49,193,
45391,49,192,
45392,49,185,
45393,49,57,3
45394,49,58,3
45395,49,159,28
45396,49,59,3
45397,49,60,3
45398,49,61,10
45399,49,160,3
45400,49,62,3
45401,49,161,3
45402,49,63,10
45403,49,64,28
45404,49,181,10
45405,49,65,10
45406,49,66,10
45407,49,67,28
45408,49,189,
45409,49,68,3
45410,49,119,21
45411,49,162,31
45412,49,120,3
45413,49,163,3
45414,49,121,10
45415,49,122,3
45416,49,164,3
45417,49,123,3
45418,49,124,31
45419,49,125,31
45420,49,127,10
45421,49,69,10
45422,49,165,3
45423,49,128,31
45424,49,129,10
45425,49,130,31
45426,49,131,10
45427,49,166,10
45428,49,126,28
45429,49,73,3
45430,49,70,10
45431,49,132,3
45432,49,71,10
45433,49,167,10
45434,49,72,10
45435,49,133,3
45436,49,74,3
45437,49,76,10
45438,49,183,
45439,49,75,10
45440,49,77,3
45441,49,78,3
45442,49,79,3
45443,49,134,28
45444,49,168,31
45445,49,187,
45446,49,188,
45447,49,135,3
45448,49,136,3
45449,49,169,3
45450,49,81,3
45451,49,170,3
45452,49,137,10
45453,49,172,10
45454,49,171,10
45455,49,80,3
45456,49,173,3
45457,49,138,21
45458,49,174,28
45459,49,139,3
45460,49,82,3
45461,49,83,28
45462,49,190,
45463,49,175,21
45464,49,84,3
45465,49,176,10
45466,49,85,10
45467,49,140,10
45468,49,86,10
45469,49,177,3
45470,49,87,10
45471,49,88,3
45472,49,141,3
45473,49,142,31
45474,49,143,10
45475,49,178,3
45476,49,89,3
45477,49,90,10
45478,49,91,3
45480,49,92,10
45481,49,144,3
45482,49,145,10
45483,49,93,21
45484,49,94,3
45485,49,146,10
45486,49,95,31
45487,49,96,10
45488,49,97,3
45489,49,147,3
45490,49,98,3
45491,49,99,28
45492,49,148,10
45493,49,179,3
45494,49,180,31
45495,49,149,3
45496,49,150,3
45497,49,151,3
45498,49,152,3
45499,49,100,10
45500,49,101,28
45501,49,102,10
45502,49,153,3
45503,50,50,9
45504,50,51,18
45505,50,52,11
45506,50,115,13
45507,50,116,10
45508,50,53,11
45509,50,54,22
45510,50,55,13
45511,50,56,13
45512,50,117,2
45513,50,118,22
45514,50,157,18
45515,50,182,9
45516,50,158,10
45517,50,193,
45518,50,192,
45519,50,185,
45520,50,57,13
45521,50,58,11
45522,50,159,10
45523,50,59,14
45524,50,60,30
45525,50,61,11
45526,50,160,10
45527,50,62,9
45528,50,161,11
45529,50,63,11
45530,50,64,10
45531,50,181,9
45532,50,65,10
45533,50,66,10
45534,50,67,18
45535,50,189,
45536,50,68,22
45537,50,119,6
45538,50,162,2
45539,50,120,22
45540,50,163,22
45541,50,121,22
45542,50,122,11
45543,50,164,9
45544,50,123,13
45545,50,124,9
45546,50,125,2
45547,50,127,9
45548,50,69,9
45549,50,165,14
45550,50,128,9
45551,50,129,22
45552,50,130,2
45553,50,131,11
45554,50,166,11
45555,50,126,10
45556,50,73,11
45557,50,70,9
45558,50,132,11
45559,50,71,9
45560,50,167,9
45561,50,72,11
45562,50,133,30
45563,50,74,30
45564,50,76,11
45565,50,183,
45566,50,75,22
45567,50,77,13
45568,50,78,13
45569,50,79,14
45570,50,134,18
45571,50,168,9
45572,50,187,
45573,50,188,
45574,50,135,22
45575,50,136,30
45576,50,169,10
45577,50,81,22
45578,50,170,30
45579,50,137,10
45580,50,172,22
45581,50,171,9
45582,50,80,13
45583,50,173,13
45584,50,138,6
45585,50,174,20
45586,50,139,10
45587,50,82,13
45588,50,83,20
45589,50,190,
45590,50,175,6
45591,50,84,10
45592,50,176,22
45593,50,85,10
45594,50,140,9
45595,50,86,9
45596,50,177,22
45597,50,87,9
45598,50,88,11
45599,50,141,13
45600,50,142,2
45601,50,143,9
45602,50,178,11
45603,50,89,30
45604,50,90,22
45605,50,91,13
45607,50,92,9
45608,50,144,30
45609,50,145,9
45610,50,93,6
45611,50,94,9
45612,50,146,9
45613,50,95,2
45614,50,96,9
45615,50,97,11
45616,50,147,13
45617,50,98,10
45618,50,99,20
45619,50,148,9
45620,50,179,30
45621,50,180,9
45622,50,149,14
45623,50,150,13
45624,50,151,11
45625,50,152,9
45626,50,100,22
45627,50,101,20
45628,50,102,10
45629,50,153,9
45630,51,51,18
45631,51,52,28
45632,51,115,17
45633,51,116,28
45634,51,53,28
45635,51,54,28
45636,51,55,26
45637,51,56,26
45638,51,117,18
45639,51,118,28
45640,51,157,18
45641,51,182,28
45642,51,158,18
45643,51,193,
45644,51,192,
45645,51,185,
45646,51,57,17
45647,51,58,28
45648,51,159,28
45649,51,59,18
45650,51,60,18
45651,51,61,18
45652,51,160,28
45653,51,62,15
45654,51,161,28
45655,51,63,18
45656,51,64,28
45657,51,181,17
45658,51,65,18
45659,51,66,18
45660,51,67,18
45661,51,189,
45662,51,68,28
45663,51,119,18
45664,51,162,18
45665,51,120,28
45666,51,163,28
45667,51,121,18
45668,51,122,28
45669,51,164,15
45670,51,123,26
45671,51,124,28
45672,51,125,18
45673,51,127,26
45674,51,69,17
45675,51,165,18
45676,51,128,28
45677,51,129,18
45678,51,130,18
45679,51,131,18
45680,51,166,18
45681,51,126,28
45682,51,73,28
45683,51,70,18
45684,51,132,28
45685,51,71,26
45686,51,167,26
45687,51,72,18
45688,51,133,18
45689,51,74,18
45690,51,76,18
45691,51,183,
45692,51,75,18
45693,51,77,17
45694,51,78,26
45695,51,79,18
45696,51,134,18
45697,51,168,28
45698,51,187,
45699,51,188,
45700,51,135,28
45701,51,136,18
45702,51,169,28
45703,51,81,28
45704,51,170,18
45705,51,137,18
45706,51,172,18
45707,51,171,26
45708,51,80,17
45709,51,173,26
45710,51,138,18
45711,51,174,18
45712,51,139,28
45713,51,82,17
45714,51,83,18
45715,51,190,
45716,51,175,18
45717,51,84,28
45718,51,176,18
45719,51,85,18
45720,51,140,26
45721,51,86,26
45722,51,177,28
45723,51,87,26
45724,51,88,28
45725,51,141,26
45726,51,142,18
45727,51,143,17
45728,51,178,28
45729,51,89,18
45730,51,90,18
45731,51,91,17
45733,51,92,17
45734,51,144,18
45735,51,145,17
45736,51,93,18
45737,51,94,15
45738,51,146,18
45739,51,95,18
45740,51,96,18
45741,51,97,28
45742,51,147,17
45743,51,98,28
45744,51,99,18
45745,51,148,18
45746,51,179,18
45747,51,180,28
45748,51,149,18
45749,51,150,26
45750,51,151,28
45751,51,152,15
45752,51,100,18
45753,51,101,18
45754,51,102,18
45755,51,153,15
45756,52,52,27
45757,52,115,24
45758,52,116,3
45759,52,53,27
45760,52,54,29
45761,52,55,27
45762,52,56,27
45763,52,117,24
45764,52,118,29
45765,52,157,28
45766,52,182,24
45767,52,158,10
45768,52,193,
45769,52,192,
45770,52,185,
45771,52,57,24
45772,52,58,27
45773,52,159,28
45774,52,59,27
45775,52,60,29
45776,52,61,11
45777,52,160,3
45778,52,62,27
45779,52,161,27
45780,52,63,11
45781,52,64,28
45782,52,181,16
45783,52,65,10
45784,52,66,10
45785,52,67,28
45786,52,189,
45787,52,68,29
45788,52,119,11
45789,52,162,24
45790,52,120,29
45791,52,163,29
45792,52,121,22
45793,52,122,27
45794,52,164,27
45795,52,123,27
45796,52,124,24
45797,52,125,24
45798,52,127,16
45799,52,69,16
45800,52,165,27
45801,52,128,24
45802,52,129,22
45803,52,130,24
45804,52,131,11
45805,52,166,11
45806,52,126,28
45807,52,73,27
45808,52,70,11
45809,52,132,27
45810,52,71,16
45811,52,167,16
45812,52,72,11
45813,52,133,29
45814,52,74,29
45815,52,76,11
45816,52,183,
45817,52,75,22
45818,52,77,24
45819,52,78,27
45820,52,79,27
45821,52,134,28
45822,52,168,24
45823,52,187,
45824,52,188,
45825,52,135,29
45826,52,136,29
45827,52,169,3
45828,52,81,29
45829,52,170,29
45830,52,137,10
45831,52,172,22
45832,52,171,16
45833,52,80,24
45834,52,173,27
45835,52,138,11
45836,52,174,27
45837,52,139,3
45838,52,82,24
45839,52,83,27
45840,52,190,
45841,52,175,11
45842,52,84,3
45843,52,176,22
45844,52,85,10
45845,52,140,16
45846,52,86,16
45847,52,177,29
45848,52,87,16
45849,52,88,27
45850,52,141,27
45851,52,142,24
45852,52,143,16
45853,52,178,27
45854,52,89,29
45855,52,90,22
45856,52,91,24
45858,52,92,16
45859,52,144,29
45860,52,145,16
45861,52,93,11
45862,52,94,27
45863,52,146,11
45864,52,95,24
45865,52,96,11
45866,52,97,27
45867,52,147,24
45868,52,98,3
45869,52,99,27
45870,52,148,11
45871,52,179,29
45872,52,180,24
45873,52,149,27
45874,52,150,27
45875,52,151,27
45876,52,152,27
45877,52,100,22
45878,52,101,27
45879,52,102,10
45880,52,153,27
45881,115,115,57
45882,115,116,32
45883,115,53,24
45884,115,54,24
45885,115,55,26
45886,115,56,26
45887,115,117,41
45888,115,118,52
45889,115,157,80
45890,115,182,1
45891,115,158,51
45892,115,193,
45893,115,192,
45894,115,185,
45895,115,57,17
45896,115,58,24
45897,115,159,64
45898,115,59,25
45899,115,60,25
45900,115,61,25
45901,115,160,32
45902,115,62,23
45903,115,161,35
45904,115,63,25
45905,115,64,28
45906,115,181,57
45907,115,65,8
45908,115,66,8
45909,115,67,17
45910,115,189,
45911,115,68,24
45912,115,119,82
45913,115,162,41
45914,115,120,52
45915,115,163,52
45916,115,121,59
45917,115,122,35
45918,115,164,47
45919,115,123,78
45920,115,124,182
45921,115,125,41
45922,115,127,78
45923,115,69,17
45924,115,165,59
45925,115,128,182
45926,115,129,59
45927,115,130,41
45928,115,131,59
45929,115,166,59
45930,115,126,64
45931,115,73,24
45932,115,70,13
45933,115,132,35
45934,115,71,26
45935,115,167,78
45936,115,72,25
45937,115,133,59
45938,115,74,25
45939,115,76,25
45940,115,183,
45941,115,75,25
45942,115,77,17
45943,115,78,26
45944,115,79,25
45945,115,134,80
45946,115,168,182
45947,115,187,
45948,115,188,
45949,115,135,52
45950,115,136,59
45951,115,169,32
45952,115,81,24
45953,115,170,59
45954,115,137,51
45955,115,172,59
45956,115,171,78
45957,115,80,17
45958,115,173,78
45959,115,138,82
45960,115,174,82
45961,115,139,32
45962,115,82,17
45963,115,83,17
45964,115,190,
45965,115,175,82
45966,115,84,3
45967,115,176,59
45968,115,85,17
45969,115,140,78
45970,115,86,26
45971,115,177,52
45972,115,87,26
45973,115,88,24
45974,115,141,78
45975,115,142,41
45976,115,143,57
45977,115,178,35
45978,115,89,25
45979,115,90,25
45980,115,91,17
45982,115,92,17
45983,115,144,59
45984,115,145,57
45985,115,93,17
45986,115,94,23
45987,115,146,41
45988,115,95,13
45989,115,96,13
45990,115,97,24
45991,115,147,57
45992,115,98,3
45993,115,99,17
45994,115,148,41
45995,115,179,59
45996,115,180,182
45997,115,149,59
45998,115,150,78
45999,115,151,35
46000,115,152,47
46001,115,100,25
46002,115,101,17
46003,115,102,17
46004,115,153,47
46005,116,116,37
46006,116,53,3
46007,116,54,3
46008,116,55,3
46009,116,56,3
46010,116,117,98
46011,116,118,98
46012,116,157,64
46013,116,182,31
46014,116,158,66
46015,116,193,
46016,116,192,
46017,116,185,
46018,116,57,3
46019,116,58,3
46020,116,159,64
46021,116,59,3
46022,116,60,3
46023,116,61,10
46024,116,160,37
46025,116,62,3
46026,116,161,84
46027,116,63,10
46028,116,64,28
46029,116,181,65
46030,116,65,10
46031,116,66,10
46032,116,67,28
46033,116,189,
46034,116,68,3
46035,116,119,93
46036,116,162,98
46037,116,120,98
46038,116,163,98
46039,116,121,65
46040,116,122,84
46041,116,164,32
46042,116,123,32
46043,116,124,98
46044,116,125,98
46045,116,127,33
46046,116,69,10
46047,116,165,84
46048,116,128,98
46049,116,129,65
46050,116,130,98
46051,116,131,66
46052,116,166,66
46053,116,126,64
46054,116,73,3
46055,116,70,10
46056,116,132,84
46057,116,71,10
46058,116,167,33
46059,116,72,10
46060,116,133,98
46061,116,74,3
46062,116,76,10
46063,116,183,
46064,116,75,10
46065,116,77,3
46066,116,78,3
46067,116,79,3
46068,116,134,64
46069,116,168,98
46070,116,187,
46071,116,188,
46072,116,135,98
46073,116,136,98
46074,116,169,37
46075,116,81,3
46076,116,170,98
46077,116,137,66
46078,116,172,65
46079,116,171,33
46080,116,80,3
46081,116,173,32
46082,116,138,93
46083,116,174,64
46084,116,139,37
46085,116,82,3
46086,116,83,28
46087,116,190,
46088,116,175,93
46089,116,84,3
46090,116,176,65
46091,116,85,10
46092,116,140,33
46093,116,86,10
46094,116,177,98
46095,116,87,10
46096,116,88,3
46097,116,141,32
46098,116,142,98
46099,116,143,65
46100,116,178,84
46101,116,89,3
46102,116,90,10
46103,116,91,3
46105,116,92,10
46106,116,144,98
46107,116,145,65
46108,116,93,21
46109,116,94,3
46110,116,146,33
46111,116,95,31
46112,116,96,10
46113,116,97,3
46114,116,147,32
46115,116,98,3
46116,116,99,28
46117,116,148,33
46118,116,179,98
46119,116,180,98
46120,116,149,84
46121,116,150,32
46122,116,151,84
46123,116,152,32
46124,116,100,10
46125,116,101,28
46126,116,102,10
46127,116,153,32
46128,53,53,27
46129,53,54,29
46130,53,55,27
46131,53,56,27
46132,53,117,24
46133,53,118,29
46134,53,157,28
46135,53,182,24
46136,53,158,10
46137,53,193,
46138,53,192,
46139,53,185,
46140,53,57,24
46141,53,58,27
46142,53,159,28
46143,53,59,27
46144,53,60,29
46145,53,61,11
46146,53,160,3
46147,53,62,27
46148,53,161,27
46149,53,63,11
46150,53,64,28
46151,53,181,16
46152,53,65,10
46153,53,66,10
46154,53,67,28
46155,53,189,
46156,53,68,29
46157,53,119,11
46158,53,162,24
46159,53,120,29
46160,53,163,29
46161,53,121,22
46162,53,122,27
46163,53,164,27
46164,53,123,27
46165,53,124,24
46166,53,125,24
46167,53,127,16
46168,53,69,16
46169,53,165,27
46170,53,128,24
46171,53,129,22
46172,53,130,24
46173,53,131,11
46174,53,166,11
46175,53,126,28
46176,53,73,27
46177,53,70,11
46178,53,132,27
46179,53,71,16
46180,53,167,16
46181,53,72,11
46182,53,133,29
46183,53,74,29
46184,53,76,11
46185,53,183,
46186,53,75,22
46187,53,77,24
46188,53,78,27
46189,53,79,27
46190,53,134,28
46191,53,168,24
46192,53,187,
46193,53,188,
46194,53,135,29
46195,53,136,29
46196,53,169,3
46197,53,81,29
46198,53,170,29
46199,53,137,10
46200,53,172,22
46201,53,171,16
46202,53,80,24
46203,53,173,27
46204,53,138,11
46205,53,174,27
46206,53,139,3
46207,53,82,24
46208,53,83,27
46209,53,190,
46210,53,175,11
46211,53,84,3
46212,53,176,22
46213,53,85,10
46214,53,140,16
46215,53,86,16
46216,53,177,29
46217,53,87,16
46218,53,88,27
46219,53,141,27
46220,53,142,24
46221,53,143,16
46222,53,178,27
46223,53,89,29
46224,53,90,22
46225,53,91,24
46227,53,92,16
46228,53,144,29
46229,53,145,16
46230,53,93,11
46231,53,94,27
46232,53,146,11
46233,53,95,24
46234,53,96,11
46235,53,97,27
46236,53,147,24
46237,53,98,3
46238,53,99,27
46239,53,148,11
46240,53,179,29
46241,53,180,24
46242,53,149,27
46243,53,150,27
46244,53,151,27
46245,53,152,27
46246,53,100,22
46247,53,101,27
46248,53,102,10
46249,53,153,27
46250,54,54,5
46251,54,55,15
46252,54,56,15
46253,54,117,29
46254,54,118,5
46255,54,157,28
46256,54,182,29
46257,54,158,10
46258,54,193,
46259,54,192,
46260,54,185,
46261,54,57,24
46262,54,58,29
46263,54,159,28
46264,54,59,29
46265,54,60,5
46266,54,61,22
46267,54,160,3
46268,54,62,15
46269,54,161,29
46270,54,63,22
46271,54,64,28
46272,54,181,16
46273,54,65,10
46274,54,66,10
46275,54,67,28
46276,54,189,
46277,54,68,5
46278,54,119,21
46279,54,162,29
46280,54,120,5
46281,54,163,5
46282,54,121,22
46283,54,122,29
46284,54,164,15
46285,54,123,15
46286,54,124,29
46287,54,125,29
46288,54,127,6
46289,54,69,16
46290,54,165,29
46291,54,128,29
46292,54,129,22
46293,54,130,29
46294,54,131,22
46295,54,166,22
46296,54,126,28
46297,54,73,29
46298,54,70,22
46299,54,132,29
46300,54,71,6
46301,54,167,6
46302,54,72,22
46303,54,133,5
46304,54,74,5
46305,54,76,22
46306,54,183,
46307,54,75,22
46308,54,77,24
46309,54,78,15
46310,54,79,29
46311,54,134,28
46312,54,168,29
46313,54,187,
46314,54,188,
46315,54,135,5
46316,54,136,5
46317,54,169,3
46318,54,81,5
46319,54,170,5
46320,54,137,10
46321,54,172,22
46322,54,171,6
46323,54,80,24
46324,54,173,15
46325,54,138,21
46326,54,174,28
46327,54,139,3
46328,54,82,24
46329,54,83,28
46330,54,190,
46331,54,175,21
46332,54,84,3
46333,54,176,22
46334,54,85,10
46335,54,140,6
46336,54,86,6
46337,54,177,5
46338,54,87,6
46339,54,88,29
46340,54,141,15
46341,54,142,29
46342,54,143,16
46343,54,178,29
46344,54,89,5
46345,54,90,22
46346,54,91,24
46348,54,92,16
46349,54,144,5
46350,54,145,16
46351,54,93,21
46352,54,94,15
46353,54,146,22
46354,54,95,29
46355,54,96,22
46356,54,97,29
46357,54,147,24
46358,54,98,3
46359,54,99,28
46360,54,148,22
46361,54,179,5
46362,54,180,29
46363,54,149,29
46364,54,150,15
46365,54,151,29
46366,54,152,15
46367,54,100,22
46368,54,101,28
46369,54,102,10
46370,54,153,15
46371,55,55,26
46372,55,56,26
46373,55,117,13
46374,55,118,15
46375,55,157,26
46376,55,182,1
46377,55,158,8
46378,55,193,
46379,55,192,
46380,55,185,
46381,55,57,26
46382,55,58,27
46383,55,159,15
46384,55,59,25
46385,55,60,20
46386,55,61,25
46387,55,160,3
46388,55,62,15
46389,55,161,27
46390,55,63,25
46391,55,64,15
46392,55,181,26
46393,55,65,8
46394,55,66,8
46395,55,67,26
46396,55,189,
46397,55,68,15
46398,55,119,20
46399,55,162,13
46400,55,120,15
46401,55,163,15
46402,55,121,20
46403,55,122,27
46404,55,164,15
46405,55,123,26
46406,55,124,1
46407,55,125,13
46408,55,127,26
46409,55,69,26
46410,55,165,25
46411,55,128,1
46412,55,129,20
46413,55,130,13
46414,55,131,25
46415,55,166,25
46416,55,126,15
46417,55,73,27
46418,55,70,13
46419,55,132,27
46420,55,71,26
46421,55,167,26
46422,55,72,25
46423,55,133,20
46424,55,74,20
46425,55,76,25
46426,55,183,
46427,55,75,20
46428,55,77,26
46429,55,78,26
46430,55,79,25
46431,55,134,26
46432,55,168,1
46433,55,187,
46434,55,188,
46435,55,135,15
46436,55,136,20
46437,55,169,3
46438,55,81,15
46439,55,170,20
46440,55,137,8
46441,55,172,20
46442,55,171,26
46443,55,80,26
46444,55,173,26
46445,55,138,20
46446,55,174,20
46447,55,139,3
46448,55,82,26
46449,55,83,20
46450,55,190,
46451,55,175,20
46452,55,84,3
46453,55,176,20
46454,55,85,26
46455,55,140,26
46456,55,86,26
46457,55,177,15
46458,55,87,26
46459,55,88,27
46460,55,141,26
46461,55,142,13
46462,55,143,26
46463,55,178,27
46464,55,89,20
46465,55,90,20
46466,55,91,26
46468,55,92,26
46469,55,144,20
46470,55,145,26
46471,55,93,20
46472,55,94,15
46473,55,146,13
46474,55,95,13
46475,55,96,13
46476,55,97,27
46477,55,147,26
46478,55,98,3
46479,55,99,20
46480,55,148,13
46481,55,179,20
46482,55,180,1
46483,55,149,25
46484,55,150,26
46485,55,151,27
46486,55,152,15
46487,55,100,20
46488,55,101,20
46489,55,102,26
46490,55,153,15
46491,56,56,26
46492,56,117,13
46493,56,118,15
46494,56,157,26
46495,56,182,1
46496,56,158,8
46497,56,193,
46498,56,192,
46499,56,185,
46500,56,57,26
46501,56,58,27
46502,56,159,15
46503,56,59,25
46504,56,60,20
46505,56,61,25
46506,56,160,3
46507,56,62,15
46508,56,161,27
46509,56,63,25
46510,56,64,15
46511,56,181,26
46512,56,65,8
46513,56,66,8
46514,56,67,26
46515,56,189,
46516,56,68,15
46517,56,119,20
46518,56,162,13
46519,56,120,15
46520,56,163,15
46521,56,121,20
46522,56,122,27
46523,56,164,15
46524,56,123,26
46525,56,124,1
46526,56,125,13
46527,56,127,26
46528,56,69,26
46529,56,165,25
46530,56,128,1
46531,56,129,20
46532,56,130,13
46533,56,131,25
46534,56,166,25
46535,56,126,15
46536,56,73,27
46537,56,70,13
46538,56,132,27
46539,56,71,26
46540,56,167,26
46541,56,72,25
46542,56,133,20
46543,56,74,20
46544,56,76,25
46545,56,183,
46546,56,75,20
46547,56,77,26
46548,56,78,26
46549,56,79,25
46550,56,134,26
46551,56,168,1
46552,56,187,
46553,56,188,
46554,56,135,15
46555,56,136,20
46556,56,169,3
46557,56,81,15
46558,56,170,20
46559,56,137,8
46560,56,172,20
46561,56,171,26
46562,56,80,26
46563,56,173,26
46564,56,138,20
46565,56,174,20
46566,56,139,3
46567,56,82,26
46568,56,83,20
46569,56,190,
46570,56,175,20
46571,56,84,3
46572,56,176,20
46573,56,85,26
46574,56,140,26
46575,56,86,26
46576,56,177,15
46577,56,87,26
46578,56,88,27
46579,56,141,26
46580,56,142,13
46581,56,143,26
46582,56,178,27
46583,56,89,20
46584,56,90,20
46585,56,91,26
46587,56,92,26
46588,56,144,20
46589,56,145,26
46590,56,93,20
46591,56,94,15
46592,56,146,13
46593,56,95,13
46594,56,96,13
46595,56,97,27
46596,56,147,26
46597,56,98,3
46598,56,99,20
46599,56,148,13
46600,56,179,20
46601,56,180,1
46602,56,149,25
46603,56,150,26
46604,56,151,27
46605,56,152,15
46606,56,100,20
46607,56,101,20
46608,56,102,26
46609,56,153,15
46610,117,117,43
46611,117,118,54
46612,117,157,67
46613,117,182,1
46614,117,158,51
46615,117,193,
46616,117,192,
46617,117,185,
46618,117,57,13
46619,117,58,24
46620,117,159,64
46621,117,59,14
46622,117,60,30
46623,117,61,14
46624,117,160,98
46625,117,62,1
46626,117,161,88
46627,117,63,14
46628,117,64,28
46629,117,181,41
46630,117,65,8
46631,117,66,8
46632,117,67,18
46633,117,189,
46634,117,68,29
46635,117,119,56
46636,117,162,43
46637,117,120,54
46638,117,163,54
46639,117,121,60
46640,117,122,88
46641,117,164,182
46642,117,123,42
46643,117,124,182
46644,117,125,43
46645,117,127,42
46646,117,69,13
46647,117,165,79
46648,117,128,182
46649,117,129,60
46650,117,130,43
46651,117,131,79
46652,117,166,79
46653,117,126,64
46654,117,73,24
46655,117,70,2
46656,117,132,88
46657,117,71,13
46658,117,167,42
46659,117,72,14
46660,117,133,60
46661,117,74,30
46662,117,76,14
46663,117,183,
46664,117,75,30
46665,117,77,13
46666,117,78,13
46667,117,79,14
46668,117,134,67
46669,117,168,182
46670,117,187,
46671,117,188,
46672,117,135,54
46673,117,136,60
46674,117,169,98
46675,117,81,29
46676,117,170,60
46677,117,137,51
46678,117,172,60
46679,117,171,42
46680,117,80,13
46681,117,173,42
46682,117,138,56
46683,117,174,56
46684,117,139,98
46685,117,82,13
46686,117,83,20
46687,117,190,
46688,117,175,56
46689,117,84,31
46690,117,176,60
46691,117,85,18
46692,117,140,42
46693,117,86,13
46694,117,177,54
46695,117,87,13
46696,117,88,24
46697,117,141,42
46698,117,142,43
46699,117,143,41
46700,117,178,88
46701,117,89,30
46702,117,90,30
46703,117,91,13
46705,117,92,13
46706,117,144,60
46707,117,145,41
46708,117,93,20
46709,117,94,1
46710,117,146,43
46711,117,95,2
46712,117,96,2
46713,117,97,24
46714,117,147,41
46715,117,98,31
46716,117,99,20
46717,117,148,43
46718,117,179,60
46719,117,180,182
46720,117,149,79
46721,117,150,42
46722,117,151,88
46723,117,152,182
46724,117,100,30
46725,117,101,20
46726,117,102,18
46727,117,153,182
46728,118,118,34
46729,118,157,64
46730,118,182,29
46731,118,158,65
46732,118,193,
46733,118,192,
46734,118,185,
46735,118,57,24
46736,118,58,29
46737,118,159,64
46738,118,59,29
46739,118,60,5
46740,118,61,22
46741,118,160,98
46742,118,62,15
46743,118,161,68
46744,118,63,22
46745,118,64,28
46746,118,181,38
46747,118,65,10
46748,118,66,10
46749,118,67,28
46750,118,189,
46751,118,68,5
46752,118,119,93
46753,118,162,54
46754,118,120,34
46755,118,163,34
46756,118,121,90
46757,118,122,68
46758,118,164,62
46759,118,123,62
46760,118,124,54
46761,118,125,54
46762,118,127,86
46763,118,69,16
46764,118,165,68
46765,118,128,54
46766,118,129,90
46767,118,130,54
46768,118,131,75
46769,118,166,75
46770,118,126,64
46771,118,73,29
46772,118,70,22
46773,118,132,68
46774,118,71,6
46775,118,167,86
46776,118,72,22
46777,118,133,34
46778,118,74,5
46779,118,76,22
46780,118,183,
46781,118,75,22
46782,118,77,24
46783,118,78,15
46784,118,79,29
46785,118,134,64
46786,118,168,54
46787,118,187,
46788,118,188,
46789,118,135,34
46790,118,136,34
46791,118,169,98
46792,118,81,5
46793,118,170,34
46794,118,137,65
46795,118,172,90
46796,118,171,86
46797,118,80,24
46798,118,173,62
46799,118,138,93
46800,118,174,64
46801,118,139,98
46802,118,82,24
46803,118,83,28
46804,118,190,
46805,118,175,93
46806,118,84,3
46807,118,176,90
46808,118,85,10
46809,118,140,86
46810,118,86,6
46811,118,177,34
46812,118,87,6
46813,118,88,29
46814,118,141,62
46815,118,142,54
46816,118,143,38
46817,118,178,68
46818,118,89,5
46819,118,90,22
46820,118,91,24
46822,118,92,16
46823,118,144,34
46824,118,145,38
46825,118,93,21
46826,118,94,15
46827,118,146,100
46828,118,95,29
46829,118,96,22
46830,118,97,29
46831,118,147,52
46832,118,98,3
46833,118,99,28
46834,118,148,100
46835,118,179,34
46836,118,180,54
46837,118,149,68
46838,118,150,62
46839,118,151,68
46840,118,152,62
46841,118,100,22
46842,118,101,28
46843,118,102,10
46844,118,153,62
46845,157,157,134
46846,157,182,28
46847,157,158,134
46848,157,193,
46849,157,192,
46850,157,185,
46851,157,57,17
46852,157,58,28
46853,157,159,126
46854,157,59,18
46855,157,60,18
46856,157,61,18
46857,157,160,126
46858,157,62,15
46859,157,161,126
46860,157,63,18
46861,157,64,28
46862,157,181,147
46863,157,65,18
46864,157,66,18
46865,157,67,18
46866,157,189,
46867,157,68,28
46868,157,119,67
46869,157,162,134
46870,157,120,64
46871,157,163,126
46872,157,121,67
46873,157,122,64
46874,157,164,152
46875,157,123,55
46876,157,124,64
46877,157,125,67
46878,157,127,55
46879,157,69,17
46880,157,165,134
46881,157,128,64
46882,157,129,67
46883,157,130,67
46884,157,131,67
46885,157,166,134
46886,157,126,64
46887,157,73,28
46888,157,70,18
46889,157,132,64
46890,157,71,26
46891,157,167,141
46892,157,72,18
46893,157,133,67
46894,157,74,18
46895,157,76,18
46896,157,183,
46897,157,75,18
46898,157,77,17
46899,157,78,26
46900,157,79,18
46901,157,134,67
46902,157,168,126
46903,157,187,
46904,157,188,
46905,157,135,64
46906,157,136,67
46907,157,169,126
46908,157,81,28
46909,157,170,134
46910,157,137,67
46911,157,172,134
46912,157,171,141
46913,157,80,17
46914,157,173,141
46915,157,138,67
46916,157,174,134
46917,157,139,64
46918,157,82,17
46919,157,83,18
46920,157,190,
46921,157,175,134
46922,157,84,28
46923,157,176,134
46924,157,85,18
46925,157,140,55
46926,157,86,26
46927,157,177,126
46928,157,87,26
46929,157,88,28
46930,157,141,55
46931,157,142,67
46932,157,143,80
46933,157,178,126
46934,157,89,18
46935,157,90,18
46936,157,91,17
46938,157,92,17
46939,157,144,67
46940,157,145,80
46941,157,93,18
46942,157,94,15
46943,157,146,67
46944,157,95,18
46945,157,96,18
46946,157,97,28
46947,157,147,80
46948,157,98,28
46949,157,99,18
46950,157,148,67
46951,157,179,134
46952,157,180,126
46953,157,149,67
46954,157,150,55
46955,157,151,64
46956,157,152,47
46957,157,100,18
46958,157,101,18
46959,157,102,18
46960,157,153,47
46961,182,182,1
46962,182,158,10
46963,182,193,6
46964,182,192,23
46965,182,185,23
46966,182,57,1
46967,182,58,24
46968,182,159,28
46969,182,59,24
46970,182,60,29
46971,182,61,11
46972,182,160,31
46973,182,62,1
46974,182,161,24
46975,182,63,11
46976,182,64,28
46977,182,181,9
46978,182,65,10
46979,182,66,10
46980,182,67,28
46981,182,189,23
46982,182,68,29
46983,182,119,6
46984,182,162,1
46985,182,120,29
46986,182,163,29
46987,182,121,22
46988,182,122,24
46989,182,164,1
46990,182,123,1
46991,182,124,1
46992,182,125,1
46993,182,127,9
46994,182,69,9
46995,182,165,24
46996,182,128,1
46997,182,129,22
46998,182,130,1
46999,182,131,11
47000,182,166,11
47001,182,126,28
47002,182,73,24
47003,182,70,9
47004,182,132,24
47005,182,71,9
47006,182,167,9
47007,182,72,11
47008,182,133,29
47009,182,74,29
47010,182,76,11
47011,182,183,23
47012,182,75,22
47013,182,77,1
47014,182,78,1
47015,182,79,24
47016,182,134,28
47017,182,168,1
47018,182,187,23
47019,182,188,23
47020,182,135,29
47021,182,136,29
47022,182,169,31
47023,182,81,29
47024,182,170,29
47025,182,137,10
47026,182,172,22
47027,182,171,9
47028,182,80,1
47029,182,173,1
47030,182,138,6
47031,182,174,23
47032,182,139,31
47033,182,82,1
47034,182,83,23
47035,182,190,23
47036,182,175,6
47037,182,84,31
47038,182,176,22
47039,182,85,10
47040,182,140,9
47041,182,86,9
47042,182,177,29
47043,182,87,9
47044,182,88,24
47045,182,141,1
47046,182,142,1
47047,182,143,9
47048,182,178,24
47049,182,89,29
47050,182,90,22
47051,182,91,1
47053,182,92,9
47054,182,144,29
47055,182,145,9
47056,182,93,6
47057,182,94,1
47058,182,146,9
47059,182,95,1
47060,182,96,9
47061,182,97,24
47062,182,147,1
47063,182,98,31
47064,182,99,23
47065,182,148,9
47066,182,179,29
47067,182,180,1
47068,182,149,24
47069,182,150,1
47070,182,151,24
47071,182,152,1
47072,182,100,22
47073,182,101,23
47074,182,102,10
47075,182,153,1
47076,158,158,110
47077,158,193,
47078,158,192,
47079,158,185,
47080,158,57,8
47081,158,58,10
47082,158,159,102
47083,158,59,8
47084,158,60,8
47085,158,61,10
47086,158,160,110
47087,158,62,10
47088,158,161,110
47089,158,63,10
47090,158,64,10
47091,158,181,137
47092,158,65,10
47093,158,66,10
47094,158,67,18
47095,158,189,
47096,158,68,10
47097,158,119,93
47098,158,162,134
47099,158,120,65
47100,158,163,137
47101,158,121,65
47102,158,122,66
47103,158,164,110
47104,158,123,51
47105,158,124,33
47106,158,125,51
47107,158,127,33
47108,158,69,10
47109,158,165,134
47110,158,128,33
47111,158,129,65
47112,158,130,51
47113,158,131,66
47114,158,166,110
47115,158,126,102
47116,158,73,10
47117,158,70,10
47118,158,132,66
47119,158,71,10
47120,158,167,110
47121,158,72,10
47122,158,133,51
47123,158,74,8
47124,158,76,10
47125,158,183,
47126,158,75,10
47127,158,77,8
47128,158,78,8
47129,158,79,8
47130,158,134,67
47131,158,168,137
47132,158,187,
47133,158,188,
47134,158,135,65
47135,158,136,51
47136,158,169,110
47137,158,81,10
47138,158,170,134
47139,158,137,66
47140,158,172,137
47141,158,171,110
47142,158,80,8
47143,158,173,134
47144,158,138,93
47145,158,174,108
47146,158,139,66
47147,158,82,8
47148,158,83,19
47149,158,190,
47150,158,175,106
47151,158,84,10
47152,158,176,137
47153,158,85,10
47154,158,140,33
47155,158,86,10
47156,158,177,137
47157,158,87,10
47158,158,88,10
47159,158,141,51
47160,158,142,51
47161,158,143,65
47162,158,178,110
47163,158,89,8
47164,158,90,10
47165,158,91,8
47167,158,92,10
47168,158,144,51
47169,158,145,65
47170,158,93,21
47171,158,94,10
47172,158,146,33
47173,158,95,8
47174,158,96,10
47175,158,97,10
47176,158,147,51
47177,158,98,10
47178,158,99,19
47179,158,148,33
47180,158,179,134
47181,158,180,137
47182,158,149,51
47183,158,150,51
47184,158,151,66
47185,158,152,33
47186,158,100,10
47187,158,101,19
47188,158,102,10
47189,158,153,33
47190,193,193,
47191,193,192,
47192,193,185,
47193,193,57,
47194,193,58,
47195,193,159,
47196,193,59,
47197,193,60,
47198,193,61,
47199,193,160,
47200,193,62,
47201,193,161,
47202,193,63,
47203,193,64,
47204,193,181,
47205,193,65,
47206,193,66,
47207,193,67,
47208,193,189,
47209,193,68,
47210,193,119,
47211,193,162,
47212,193,120,
47213,193,163,
47214,193,121,
47215,193,122,
47216,193,164,
47217,193,123,
47218,193,124,
47219,193,125,
47220,193,127,
47221,193,69,
47222,193,165,
47223,193,128,
47224,193,129,
47225,193,130,
47226,193,131,
47227,193,166,
47228,193,126,
47229,193,73,
47230,193,70,
47231,193,132,
47232,193,71,
47233,193,167,
47234,193,72,
47235,193,133,
47236,193,74,
47237,193,76,
47238,193,183,
47239,193,75,
47240,193,77,
47241,193,78,
47242,193,79,
47243,193,134,
47244,193,168,
47245,193,187,
47246,193,188,
47247,193,135,
47248,193,136,
47249,193,169,
47250,193,81,
47251,193,170,
47252,193,137,
47253,193,172,
47254,193,171,
47255,193,80,
47256,193,173,
47257,193,138,
47258,193,174,
47259,193,139,
47260,193,82,
47261,193,83,
47262,193,190,
47263,193,175,
47264,193,84,
47265,193,176,
47266,193,85,
47267,193,140,
47268,193,86,
47269,193,177,
47270,193,87,
47271,193,88,
47272,193,141,
47273,193,142,
47274,193,143,
47275,193,178,
47276,193,89,
47277,193,90,
47278,193,91,
47280,193,92,
47281,193,144,
47282,193,145,
47283,193,93,
47284,193,94,
47285,193,146,
47286,193,95,
47287,193,96,
47288,193,97,
47289,193,147,
47290,193,98,
47291,193,99,
47292,193,148,
47293,193,179,
47294,193,180,
47295,193,149,
47296,193,150,
47297,193,151,
47298,193,152,
47299,193,100,
47300,193,101,
47301,193,102,
47302,193,153,
47303,192,192,
47304,192,185,
47305,192,57,
47306,192,58,
47307,192,159,
47308,192,59,
47309,192,60,
47310,192,61,
47311,192,160,
47312,192,62,
47313,192,161,
47314,192,63,
47315,192,64,
47316,192,181,
47317,192,65,
47318,192,66,
47319,192,67,
47320,192,189,
47321,192,68,
47322,192,119,
47323,192,162,
47324,192,120,
47325,192,163,
47326,192,121,
47327,192,122,
47328,192,164,
47329,192,123,
47330,192,124,
47331,192,125,
47332,192,127,
47333,192,69,
47334,192,165,
47335,192,128,
47336,192,129,
47337,192,130,
47338,192,131,
47339,192,166,
47340,192,126,
47341,192,73,
47342,192,70,
47343,192,132,
47344,192,71,
47345,192,167,
47346,192,72,
47347,192,133,
47348,192,74,
47349,192,76,
47350,192,183,
47351,192,75,
47352,192,77,
47353,192,78,
47354,192,79,
47355,192,134,
47356,192,168,
47357,192,187,
47358,192,188,
47359,192,135,
47360,192,136,
47361,192,169,
47362,192,81,
47363,192,170,
47364,192,137,
47365,192,172,
47366,192,171,
47367,192,80,
47368,192,173,
47369,192,138,
47370,192,174,
47371,192,139,
47372,192,82,
47373,192,83,
47374,192,190,
47375,192,175,
47376,192,84,
47377,192,176,
47378,192,85,
47379,192,140,
47380,192,86,
47381,192,177,
47382,192,87,
47383,192,88,
47384,192,141,
47385,192,142,
47386,192,143,
47387,192,178,
47388,192,89,
47389,192,90,
47390,192,91,
47392,192,92,
47393,192,144,
47394,192,145,
47395,192,93,
47396,192,94,
47397,192,146,
47398,192,95,
47399,192,96,
47400,192,97,
47401,192,147,
47402,192,98,
47403,192,99,
47404,192,148,
47405,192,179,
47406,192,180,
47407,192,149,
47408,192,150,
47409,192,151,
47410,192,152,
47411,192,100,
47412,192,101,
47413,192,102,
47414,192,153,
47415,185,185,
47416,185,57,
47417,185,58,
47418,185,159,
47419,185,59,
47420,185,60,
47421,185,61,
47422,185,160,
47423,185,62,
47424,185,161,
47425,185,63,
47426,185,64,
47427,185,181,
47428,185,65,
47429,185,66,
47430,185,67,
47431,185,189,
47432,185,68,
47433,185,119,
47434,185,162,
47435,185,120,
47436,185,163,
47437,185,121,
47438,185,122,
47439,185,164,
47440,185,123,
47441,185,124,
47442,185,125,
47443,185,127,
47444,185,69,
47445,185,165,
47446,185,128,
47447,185,129,
47448,185,130,
47449,185,131,
47450,185,166,
47451,185,126,
47452,185,73,
47453,185,70,
47454,185,132,
47455,185,71,
47456,185,167,
47457,185,72,
47458,185,133,
47459,185,74,
47460,185,76,
47461,185,183,
47462,185,75,
47463,185,77,
47464,185,78,
47465,185,79,
47466,185,134,
47467,185,168,
47468,185,187,
47469,185,188,
47470,185,135,
47471,185,136,
47472,185,169,
47473,185,81,
47474,185,170,
47475,185,137,
47476,185,172,
47477,185,171,
47478,185,80,
47479,185,173,
47480,185,138,
47481,185,174,
47482,185,139,
47483,185,82,
47484,185,83,
47485,185,190,
47486,185,175,
47487,185,84,
47488,185,176,
47489,185,85,
47490,185,140,
47491,185,86,
47492,185,177,
47493,185,87,
47494,185,88,
47495,185,141,
47496,185,142,
47497,185,143,
47498,185,178,
47499,185,89,
47500,185,90,
47501,185,91,
47503,185,92,
47504,185,144,
47505,185,145,
47506,185,93,
47507,185,94,
47508,185,146,
47509,185,95,
47510,185,96,
47511,185,97,
47512,185,147,
47513,185,98,
47514,185,99,
47515,185,148,
47516,185,179,
47517,185,180,
47518,185,149,
47519,185,150,
47520,185,151,
47521,185,152,
47522,185,100,
47523,185,101,
47524,185,102,
47525,185,153,
47526,57,57,17
47527,57,58,24
47528,57,159,28
47529,57,59,25
47530,57,60,25
47531,57,61,25
47532,57,160,3
47533,57,62,23
47534,57,161,24
47535,57,63,25
47536,57,64,28
47537,57,181,17
47538,57,65,8
47539,57,66,8
47540,57,67,17
47541,57,189,
47542,57,68,24
47543,57,119,17
47544,57,162,13
47545,57,120,24
47546,57,163,24
47547,57,121,25
47548,57,122,24
47549,57,164,23
47550,57,123,26
47551,57,124,1
47552,57,125,13
47553,57,127,26
47554,57,69,17
47555,57,165,25
47556,57,128,1
47557,57,129,25
47558,57,130,13
47559,57,131,25
47560,57,166,25
47561,57,126,28
47562,57,73,24
47563,57,70,13
47564,57,132,24
47565,57,71,26
47566,57,167,26
47567,57,72,25
47568,57,133,25
47569,57,74,25
47570,57,76,25
47571,57,183,
47572,57,75,25
47573,57,77,17
47574,57,78,26
47575,57,79,25
47576,57,134,17
47577,57,168,1
47578,57,187,
47579,57,188,
47580,57,135,24
47581,57,136,25
47582,57,169,3
47583,57,81,24
47584,57,170,25
47585,57,137,8
47586,57,172,25
47587,57,171,26
47588,57,80,17
47589,57,173,26
47590,57,138,17
47591,57,174,17
47592,57,139,3
47593,57,82,17
47594,57,83,17
47595,57,190,
47596,57,175,17
47597,57,84,3
47598,57,176,25
47599,57,85,17
47600,57,140,26
47601,57,86,26
47602,57,177,24
47603,57,87,26
47604,57,88,24
47605,57,141,26
47606,57,142,13
47607,57,143,17
47608,57,178,24
47609,57,89,25
47610,57,90,25
47611,57,91,17
47613,57,92,17
47614,57,144,25
47615,57,145,17
47616,57,93,17
47617,57,94,23
47618,57,146,13
47619,57,95,13
47620,57,96,13
47621,57,97,24
47622,57,147,17
47623,57,98,3
47624,57,99,17
47625,57,148,13
47626,57,179,25
47627,57,180,1
47628,57,149,25
47629,57,150,26
47630,57,151,24
47631,57,152,23
47632,57,100,25
47633,57,101,17
47634,57,102,17
47635,57,153,23
47636,58,58,27
47637,58,159,28
47638,58,59,27
47639,58,60,29
47640,58,61,11
47641,58,160,3
47642,58,62,27
47643,58,161,27
47644,58,63,11
47645,58,64,28
47646,58,181,16
47647,58,65,10
47648,58,66,10
47649,58,67,28
47650,58,189,
47651,58,68,29
47652,58,119,11
47653,58,162,24
47654,58,120,29
47655,58,163,29
47656,58,121,22
47657,58,122,27
47658,58,164,27
47659,58,123,27
47660,58,124,24
47661,58,125,24
47662,58,127,16
47663,58,69,16
47664,58,165,27
47665,58,128,24
47666,58,129,22
47667,58,130,24
47668,58,131,11
47669,58,166,11
47670,58,126,28
47671,58,73,27
47672,58,70,11
47673,58,132,27
47674,58,71,16
47675,58,167,16
47676,58,72,11
47677,58,133,29
47678,58,74,29
47679,58,76,11
47680,58,183,
47681,58,75,22
47682,58,77,24
47683,58,78,27
47684,58,79,27
47685,58,134,28
47686,58,168,24
47687,58,187,
47688,58,188,
47689,58,135,29
47690,58,136,29
47691,58,169,3
47692,58,81,29
47693,58,170,29
47694,58,137,10
47695,58,172,22
47696,58,171,16
47697,58,80,24
47698,58,173,27
47699,58,138,11
47700,58,174,27
47701,58,139,3
47702,58,82,24
47703,58,83,27
47704,58,190,
47705,58,175,11
47706,58,84,3
47707,58,176,22
47708,58,85,10
47709,58,140,16
47710,58,86,16
47711,58,177,29
47712,58,87,16
47713,58,88,27
47714,58,141,27
47715,58,142,24
47716,58,143,16
47717,58,178,27
47718,58,89,29
47719,58,90,22
47720,58,91,24
47722,58,92,16
47723,58,144,29
47724,58,145,16
47725,58,93,11
47726,58,94,27
47727,58,146,11
47728,58,95,24
47729,58,96,11
47730,58,97,27
47731,58,147,24
47732,58,98,3
47733,58,99,27
47734,58,148,11
47735,58,179,29
47736,58,180,24
47737,58,149,27
47738,58,150,27
47739,58,151,27
47740,58,152,27
47741,58,100,22
47742,58,101,27
47743,58,102,10
47744,58,153,27
47745,159,159,126
47746,159,59,28
47747,159,60,28
47748,159,61,10
47749,159,160,126
47750,159,62,15
47751,159,161,126
47752,159,63,10
47753,159,64,28
47754,159,181,143
47755,159,65,10
47756,159,66,10
47757,159,67,28
47758,159,189,
47759,159,68,28
47760,159,119,102
47761,159,162,126
47762,159,120,64
47763,159,163,126
47764,159,121,85
47765,159,122,64
47766,159,164,152
47767,159,123,47
47768,159,124,64
47769,159,125,64
47770,159,127,87
47771,159,69,4
47772,159,165,126
47773,159,128,64
47774,159,129,85
47775,159,130,64
47776,159,131,85
47777,159,166,85
47778,159,126,64
47779,159,73,28
47780,159,70,10
47781,159,132,64
47782,159,71,6
47783,159,167,127
47784,159,72,10
47785,159,133,64
47786,159,74,28
47787,159,76,10
47788,159,183,
47789,159,75,10
47790,159,77,28
47791,159,78,15
47792,159,79,28
47793,159,134,64
47794,159,168,126
47795,159,187,
47796,159,188,
47797,159,135,64
47798,159,136,64
47799,159,169,126
47800,159,81,28
47801,159,170,126
47802,159,137,102
47803,159,172,85
47804,159,171,127
47805,159,80,28
47806,159,173,152
47807,159,138,102
47808,159,174,126
47809,159,139,64
47810,159,82,28
47811,159,83,28
47812,159,190,
47813,159,175,102
47814,159,84,28
47815,159,176,85
47816,159,85,10
47817,159,140,87
47818,159,86,6
47819,159,177,126
47820,159,87,6
47821,159,88,28
47822,159,141,47
47823,159,142,64
47824,159,143,92
47825,159,178,126
47826,159,89,28
47827,159,90,10
47828,159,91,28
47830,159,92,4
47831,159,144,64
47832,159,145,92
47833,159,93,10
47834,159,94,15
47835,159,146,85
47836,159,95,28
47837,159,96,10
47838,159,97,28
47839,159,147,64
47840,159,98,28
47841,159,99,28
47842,159,148,85
47843,159,179,126
47844,159,180,126
47845,159,149,64
47846,159,150,47
47847,159,151,64
47848,159,152,47
47849,159,100,10
47850,159,101,28
47851,159,102,10
47852,159,153,47
47853,59,59,14
47854,59,60,12
47855,59,61,14
47856,59,160,3
47857,59,62,27
47858,59,161,27
47859,59,63,14
47860,59,64,28
47861,59,181,25
47862,59,65,8
47863,59,66,8
47864,59,67,18
47865,59,189,
47866,59,68,29
47867,59,119,14
47868,59,162,14
47869,59,120,29
47870,59,163,29
47871,59,121,12
47872,59,122,27
47873,59,164,27
47874,59,123,25
47875,59,124,24
47876,59,125,14
47877,59,127,25
47878,59,69,25
47879,59,165,14
47880,59,128,24
47881,59,129,12
47882,59,130,14
47883,59,131,14
47884,59,166,14
47885,59,126,28
47886,59,73,27
47887,59,70,14
47888,59,132,27
47889,59,71,25
47890,59,167,25
47891,59,72,14
47892,59,133,12
47893,59,74,12
47894,59,76,14
47895,59,183,
47896,59,75,12
47897,59,77,25
47898,59,78,25
47899,59,79,14
47900,59,134,18
47901,59,168,24
47902,59,187,
47903,59,188,
47904,59,135,29
47905,59,136,12
47906,59,169,3
47907,59,81,29
47908,59,170,12
47909,59,137,8
47910,59,172,12
47911,59,171,25
47912,59,80,25
47913,59,173,25
47914,59,138,14
47915,59,174,14
47916,59,139,3
47917,59,82,25
47918,59,83,14
47919,59,190,
47920,59,175,14
47921,59,84,3
47922,59,176,12
47923,59,85,18
47924,59,140,25
47925,59,86,25
47926,59,177,29
47927,59,87,25
47928,59,88,27
47929,59,141,25
47930,59,142,14
47931,59,143,25
47932,59,178,27
47933,59,89,12
47934,59,90,12
47935,59,91,25
47937,59,92,25
47938,59,144,12
47939,59,145,25
47940,59,93,14
47941,59,94,27
47942,59,146,14
47943,59,95,14
47944,59,96,14
47945,59,97,27
47946,59,147,25
47947,59,98,3
47948,59,99,14
47949,59,148,14
47950,59,179,12
47951,59,180,24
47952,59,149,14
47953,59,150,25
47954,59,151,27
47955,59,152,27
47956,59,100,12
47957,59,101,14
47958,59,102,18
47959,59,153,27
47960,60,60,7
47961,60,61,12
47962,60,160,3
47963,60,62,15
47964,60,161,29
47965,60,63,12
47966,60,64,28
47967,60,181,25
47968,60,65,8
47969,60,66,8
47970,60,67,18
47971,60,189,
47972,60,68,5
47973,60,119,19
47974,60,162,30
47975,60,120,5
47976,60,163,5
47977,60,121,7
47978,60,122,29
47979,60,164,15
47980,60,123,20
47981,60,124,29
47982,60,125,30
47983,60,127,20
47984,60,69,25
47985,60,165,12
47986,60,128,29
47987,60,129,7
47988,60,130,30
47989,60,131,12
47990,60,166,12
47991,60,126,28
47992,60,73,29
47993,60,70,30
47994,60,132,29
47995,60,71,20
47996,60,167,20
47997,60,72,12
47998,60,133,7
47999,60,74,7
48000,60,76,12
48001,60,183,
48002,60,75,7
48003,60,77,25
48004,60,78,20
48005,60,79,12
48006,60,134,18
48007,60,168,29
48008,60,187,
48009,60,188,
48010,60,135,5
48011,60,136,7
48012,60,169,3
48013,60,81,5
48014,60,170,7
48015,60,137,8
48016,60,172,7
48017,60,171,20
48018,60,80,25
48019,60,173,20
48020,60,138,19
48021,60,174,19
48022,60,139,3
48023,60,82,25
48024,60,83,19
48025,60,190,
48026,60,175,19
48027,60,84,3
48028,60,176,7
48029,60,85,18
48030,60,140,20
48031,60,86,20
48032,60,177,5
48033,60,87,20
48034,60,88,29
48035,60,141,20
48036,60,142,30
48037,60,143,25
48038,60,178,29
48039,60,89,7
48040,60,90,7
48041,60,91,25
48043,60,92,25
48044,60,144,7
48045,60,145,25
48046,60,93,19
48047,60,94,15
48048,60,146,30
48049,60,95,30
48050,60,96,30
48051,60,97,29
48052,60,147,25
48053,60,98,3
48054,60,99,19
48055,60,148,30
48056,60,179,7
48057,60,180,29
48058,60,149,12
48059,60,150,20
48060,60,151,29
48061,60,152,15
48062,60,100,7
48063,60,101,19
48064,60,102,18
48065,60,153,15
48066,61,61,11
48067,61,160,10
48068,61,62,16
48069,61,161,11
48070,61,63,11
48071,61,64,10
48072,61,181,16
48073,61,65,10
48074,61,66,10
48075,61,67,18
48076,61,189,
48077,61,68,22
48078,61,119,11
48079,61,162,14
48080,61,120,22
48081,61,163,22
48082,61,121,22
48083,61,122,11
48084,61,164,16
48085,61,123,25
48086,61,124,11
48087,61,125,14
48088,61,127,16
48089,61,69,16
48090,61,165,14
48091,61,128,11
48092,61,129,22
48093,61,130,14
48094,61,131,11
48095,61,166,11
48096,61,126,10
48097,61,73,11
48098,61,70,11
48099,61,132,11
48100,61,71,16
48101,61,167,16
48102,61,72,11
48103,61,133,12
48104,61,74,12
48105,61,76,11
48106,61,183,
48107,61,75,22
48108,61,77,25
48109,61,78,25
48110,61,79,14
48111,61,134,18
48112,61,168,11
48113,61,187,
48114,61,188,
48115,61,135,22
48116,61,136,12
48117,61,169,10
48118,61,81,22
48119,61,170,12
48120,61,137,10
48121,61,172,22
48122,61,171,16
48123,61,80,25
48124,61,173,25
48125,61,138,11
48126,61,174,14
48127,61,139,10
48128,61,82,25
48129,61,83,14
48130,61,190,
48131,61,175,11
48132,61,84,10
48133,61,176,22
48134,61,85,10
48135,61,140,16
48136,61,86,16
48137,61,177,22
48138,61,87,16
48139,61,88,11
48140,61,141,25
48141,61,142,14
48142,61,143,16
48143,61,178,11
48144,61,89,12
48145,61,90,22
48146,61,91,25
48148,61,92,16
48149,61,144,12
48150,61,145,16
48151,61,93,11
48152,61,94,16
48153,61,146,11
48154,61,95,14
48155,61,96,11
48156,61,97,11
48157,61,147,25
48158,61,98,10
48159,61,99,14
48160,61,148,11
48161,61,179,12
48162,61,180,11
48163,61,149,14
48164,61,150,25
48165,61,151,11
48166,61,152,16
48167,61,100,22
48168,61,101,14
48169,61,102,10
48170,61,153,16
48171,160,160,116
48172,160,62,3
48173,160,161,103
48174,160,63,10
48175,160,64,28
48176,160,181,137
48177,160,65,10
48178,160,66,10
48179,160,67,28
48180,160,189,
48181,160,68,3
48182,160,119,93
48183,160,162,103
48184,160,120,98
48185,160,163,116
48186,160,121,65
48187,160,122,84
48188,160,164,103
48189,160,123,32
48190,160,124,98
48191,160,125,98
48192,160,127,33
48193,160,69,10
48194,160,165,103
48195,160,128,98
48196,160,129,65
48197,160,130,98
48198,160,131,66
48199,160,166,110
48200,160,126,64
48201,160,73,3
48202,160,70,10
48203,160,132,84
48204,160,71,10
48205,160,167,110
48206,160,72,10
48207,160,133,98
48208,160,74,3
48209,160,76,10
48210,160,183,
48211,160,75,10
48212,160,77,3
48213,160,78,3
48214,160,79,3
48215,160,134,64
48216,160,168,103
48217,160,187,
48218,160,188,
48219,160,135,98
48220,160,136,98
48221,160,169,116
48222,160,81,3
48223,160,170,116
48224,160,137,66
48225,160,172,137
48226,160,171,110
48227,160,80,3
48228,160,173,103
48229,160,138,93
48230,160,174,126
48231,160,139,37
48232,160,82,3
48233,160,83,28
48234,160,190,
48235,160,175,106
48236,160,84,3
48237,160,176,137
48238,160,85,10
48239,160,140,33
48240,160,86,10
48241,160,177,116
48242,160,87,10
48243,160,88,3
48244,160,141,32
48245,160,142,98
48246,160,143,65
48247,160,178,103
48248,160,89,3
48249,160,90,10
48250,160,91,3
48252,160,92,10
48253,160,144,98
48254,160,145,65
48255,160,93,21
48256,160,94,3
48257,160,146,33
48258,160,95,31
48259,160,96,10
48260,160,97,3
48261,160,147,32
48262,160,98,3
48263,160,99,28
48264,160,148,33
48265,160,179,116
48266,160,180,103
48267,160,149,84
48268,160,150,32
48269,160,151,84
48270,160,152,32
48271,160,100,10
48272,160,101,28
48273,160,102,10
48274,160,153,32
48275,62,62,15
48276,62,161,27
48277,62,63,16
48278,62,64,15
48279,62,181,6
48280,62,65,10
48281,62,66,10
48282,62,67,15
48283,62,189,
48284,62,68,15
48285,62,119,6
48286,62,162,1
48287,62,120,15
48288,62,163,15
48289,62,121,6
48290,62,122,27
48291,62,164,15
48292,62,123,15
48293,62,124,1
48294,62,125,1
48295,62,127,6
48296,62,69,6
48297,62,165,27
48298,62,128,1
48299,62,129,6
48300,62,130,1
48301,62,131,16
48302,62,166,16
48303,62,126,15
48304,62,73,27
48305,62,70,9
48306,62,132,27
48307,62,71,6
48308,62,167,6
48309,62,72,16
48310,62,133,15
48311,62,74,15
48312,62,76,16
48313,62,183,
48314,62,75,6
48315,62,77,23
48316,62,78,15
48317,62,79,27
48318,62,134,15
48319,62,168,1
48320,62,187,
48321,62,188,
48322,62,135,15
48323,62,136,15
48324,62,169,3
48325,62,81,15
48326,62,170,15
48327,62,137,10
48328,62,172,6
48329,62,171,6
48330,62,80,23
48331,62,173,15
48332,62,138,6
48333,62,174,23
48334,62,139,3
48335,62,82,23
48336,62,83,23
48337,62,190,
48338,62,175,6
48339,62,84,3
48340,62,176,6
48341,62,85,6
48342,62,140,6
48343,62,86,6
48344,62,177,15
48345,62,87,6
48346,62,88,27
48347,62,141,15
48348,62,142,1
48349,62,143,6
48350,62,178,27
48351,62,89,15
48352,62,90,6
48353,62,91,23
48355,62,92,6
48356,62,144,15
48357,62,145,6
48358,62,93,6
48359,62,94,15
48360,62,146,9
48361,62,95,1
48362,62,96,9
48363,62,97,27
48364,62,147,23
48365,62,98,3
48366,62,99,23
48367,62,148,9
48368,62,179,15
48369,62,180,1
48370,62,149,27
48371,62,150,15
48372,62,151,27
48373,62,152,15
48374,62,100,6
48375,62,101,23
48376,62,102,6
48377,62,153,15
48378,161,161,151
48379,161,63,11
48380,161,64,28
48381,161,181,131
48382,161,65,10
48383,161,66,10
48384,161,67,28
48385,161,189,
48386,161,68,29
48387,161,119,63
48388,161,162,151
48389,161,120,68
48390,161,163,135
48391,161,121,75
48392,161,122,53
48393,161,164,122
48394,161,123,73
48395,161,124,88
48396,161,125,88
48397,161,127,76
48398,161,69,16
48399,161,165,151
48400,161,128,88
48401,161,129,75
48402,161,130,88
48403,161,131,61
48404,161,166,131
48405,161,126,64
48406,161,73,27
48407,161,70,11
48408,161,132,53
48409,161,71,16
48410,161,167,131
48411,161,72,11
48412,161,133,68
48413,161,74,29
48414,161,76,11
48415,161,183,
48416,161,75,22
48417,161,77,24
48418,161,78,27
48419,161,79,27
48420,161,134,64
48421,161,168,151
48422,161,187,
48423,161,188,
48424,161,135,68
48425,161,136,68
48426,161,169,103
48427,161,81,29
48428,161,170,135
48429,161,137,66
48430,161,172,121
48431,161,171,131
48432,161,80,24
48433,161,173,122
48434,161,138,63
48435,161,174,132
48436,161,139,84
48437,161,82,24
48438,161,83,27
48439,161,190,
48440,161,175,131
48441,161,84,3
48442,161,176,121
48443,161,85,10
48444,161,140,76
48445,161,86,16
48446,161,177,135
48447,161,87,16
48448,161,88,27
48449,161,141,73
48450,161,142,88
48451,161,143,72
48452,161,178,151
48453,161,89,29
48454,161,90,22
48455,161,91,24
48457,161,92,16
48458,161,144,68
48459,161,145,72
48460,161,93,11
48461,161,94,27
48462,161,146,48
48463,161,95,24
48464,161,96,11
48465,161,97,27
48466,161,147,35
48467,161,98,3
48468,161,99,27
48469,161,148,48
48470,161,179,135
48471,161,180,151
48472,161,149,53
48473,161,150,73
48474,161,151,53
48475,161,152,73
48476,161,100,22
48477,161,101,27
48478,161,102,10
48479,161,153,73
48480,63,63,11
48481,63,64,10
48482,63,181,16
48483,63,65,10
48484,63,66,10
48485,63,67,18
48486,63,189,
48487,63,68,22
48488,63,119,11
48489,63,162,14
48490,63,120,22
48491,63,163,22
48492,63,121,22
48493,63,122,11
48494,63,164,16
48495,63,123,25
48496,63,124,11
48497,63,125,14
48498,63,127,16
48499,63,69,16
48500,63,165,14
48501,63,128,11
48502,63,129,22
48503,63,130,14
48504,63,131,11
48505,63,166,11
48506,63,126,10
48507,63,73,11
48508,63,70,11
48509,63,132,11
48510,63,71,16
48511,63,167,16
48512,63,72,11
48513,63,133,12
48514,63,74,12
48515,63,76,11
48516,63,183,
48517,63,75,22
48518,63,77,25
48519,63,78,25
48520,63,79,14
48521,63,134,18
48522,63,168,11
48523,63,187,
48524,63,188,
48525,63,135,22
48526,63,136,12
48527,63,169,10
48528,63,81,22
48529,63,170,12
48530,63,137,10
48531,63,172,22
48532,63,171,16
48533,63,80,25
48534,63,173,25
48535,63,138,11
48536,63,174,14
48537,63,139,10
48538,63,82,25
48539,63,83,14
48540,63,190,
48541,63,175,11
48542,63,84,10
48543,63,176,22
48544,63,85,10
48545,63,140,16
48546,63,86,16
48547,63,177,22
48548,63,87,16
48549,63,88,11
48550,63,141,25
48551,63,142,14
48552,63,143,16
48553,63,178,11
48554,63,89,12
48555,63,90,22
48556,63,91,25
48558,63,92,16
48559,63,144,12
48560,63,145,16
48561,63,93,11
48562,63,94,16
48563,63,146,11
48564,63,95,14
48565,63,96,11
48566,63,97,11
48567,63,147,25
48568,63,98,10
48569,63,99,14
48570,63,148,11
48571,63,179,12
48572,63,180,11
48573,63,149,14
48574,63,150,25
48575,63,151,11
48576,63,152,16
48577,63,100,22
48578,63,101,14
48579,63,102,10
48580,63,153,16
48581,64,64,28
48582,64,181,4
48583,64,65,10
48584,64,66,10
48585,64,67,28
48586,64,189,
48587,64,68,28
48588,64,119,10
48589,64,162,28
48590,64,120,28
48591,64,163,28
48592,64,121,10
48593,64,122,28
48594,64,164,15
48595,64,123,15
48596,64,124,28
48597,64,125,28
48598,64,127,6
48599,64,69,4
48600,64,165,28
48601,64,128,28
48602,64,129,10
48603,64,130,28
48604,64,131,10
48605,64,166,10
48606,64,126,28
48607,64,73,28
48608,64,70,10
48609,64,132,28
48610,64,71,6
48611,64,167,6
48612,64,72,10
48613,64,133,28
48614,64,74,28
48615,64,76,10
48616,64,183,
48617,64,75,10
48618,64,77,28
48619,64,78,15
48620,64,79,28
48621,64,134,28
48622,64,168,28
48623,64,187,
48624,64,188,
48625,64,135,28
48626,64,136,28
48627,64,169,28
48628,64,81,28
48629,64,170,28
48630,64,137,10
48631,64,172,10
48632,64,171,6
48633,64,80,28
48634,64,173,15
48635,64,138,10
48636,64,174,28
48637,64,139,28
48638,64,82,28
48639,64,83,28
48640,64,190,
48641,64,175,10
48642,64,84,28
48643,64,176,10
48644,64,85,10
48645,64,140,6
48646,64,86,6
48647,64,177,28
48648,64,87,6
48649,64,88,28
48650,64,141,15
48651,64,142,28
48652,64,143,4
48653,64,178,28
48654,64,89,28
48655,64,90,10
48656,64,91,28
48658,64,92,4
48659,64,144,28
48660,64,145,4
48661,64,93,10
48662,64,94,15
48663,64,146,10
48664,64,95,28
48665,64,96,10
48666,64,97,28
48667,64,147,28
48668,64,98,28
48669,64,99,28
48670,64,148,10
48671,64,179,28
48672,64,180,28
48673,64,149,28
48674,64,150,15
48675,64,151,28
48676,64,152,15
48677,64,100,10
48678,64,101,28
48679,64,102,10
48680,64,153,15
48681,181,181,145
48682,181,65,10
48683,181,66,10
48684,181,67,17
48685,181,189,
48686,181,68,16
48687,181,119,39
48688,181,162,114
48689,181,120,38
48690,181,163,131
48691,181,121,38
48692,181,122,72
48693,181,164,140
48694,181,123,78
48695,181,124,70
48696,181,125,41
48697,181,127,87
48698,181,69,4
48699,181,165,149
48700,181,128,70
48701,181,129,38
48702,181,130,41
48703,181,131,72
48704,181,166,131
48705,181,126,92
48706,181,73,16
48707,181,70,9
48708,181,132,72
48709,181,71,6
48710,181,167,140
48711,181,72,16
48712,181,133,59
48713,181,74,25
48714,181,76,16
48715,181,183,
48716,181,75,16
48717,181,77,17
48718,181,78,26
48719,181,79,25
48720,181,134,80
48721,181,168,146
48722,181,187,
48723,181,188,
48724,181,135,38
48725,181,136,59
48726,181,169,137
48727,181,81,16
48728,181,170,149
48729,181,137,65
48730,181,172,131
48731,181,171,140
48732,181,80,17
48733,181,173,150
48734,181,138,39
48735,181,174,115
48736,181,139,65
48737,181,82,17
48738,181,83,17
48739,181,190,
48740,181,175,107
48741,181,84,10
48742,181,176,131
48743,181,85,4
48744,181,140,87
48745,181,86,6
48746,181,177,131
48747,181,87,6
48748,181,88,16
48749,181,141,78
48750,181,142,41
48751,181,143,69
48752,181,178,131
48753,181,89,25
48754,181,90,16
48755,181,91,17
48757,181,92,4
48758,181,144,59
48759,181,145,69
48760,181,93,4
48761,181,94,6
48762,181,146,70
48763,181,95,13
48764,181,96,9
48765,181,97,16
48766,181,147,57
48767,181,98,10
48768,181,99,17
48769,181,148,70
48770,181,179,149
48771,181,180,146
48772,181,149,59
48773,181,150,78
48774,181,151,72
48775,181,152,87
48776,181,100,16
48777,181,101,17
48778,181,102,4
48779,181,153,87
48780,65,65,10
48781,65,66,10
48782,65,67,18
48783,65,189,
48784,65,68,10
48785,65,119,21
48786,65,162,8
48787,65,120,10
48788,65,163,10
48789,65,121,10
48790,65,122,10
48791,65,164,10
48792,65,123,8
48793,65,124,10
48794,65,125,8
48795,65,127,10
48796,65,69,10
48797,65,165,8
48798,65,128,10
48799,65,129,10
48800,65,130,8
48801,65,131,10
48802,65,166,10
48803,65,126,10
48804,65,73,10
48805,65,70,10
48806,65,132,10
48807,65,71,10
48808,65,167,10
48809,65,72,10
48810,65,133,8
48811,65,74,8
48812,65,76,10
48813,65,183,
48814,65,75,10
48815,65,77,8
48816,65,78,8
48817,65,79,8
48818,65,134,18
48819,65,168,10
48820,65,187,
48821,65,188,
48822,65,135,10
48823,65,136,8
48824,65,169,10
48825,65,81,10
48826,65,170,8
48827,65,137,10
48828,65,172,10
48829,65,171,10
48830,65,80,8
48831,65,173,8
48832,65,138,21
48833,65,174,19
48834,65,139,10
48835,65,82,8
48836,65,83,19
48837,65,190,
48838,65,175,21
48839,65,84,10
48840,65,176,10
48841,65,85,10
48842,65,140,10
48843,65,86,10
48844,65,177,10
48845,65,87,10
48846,65,88,10
48847,65,141,8
48848,65,142,8
48849,65,143,10
48850,65,178,10
48851,65,89,8
48852,65,90,10
48853,65,91,8
48855,65,92,10
48856,65,144,8
48857,65,145,10
48858,65,93,21
48859,65,94,10
48860,65,146,10
48861,65,95,8
48862,65,96,10
48863,65,97,10
48864,65,147,8
48865,65,98,10
48866,65,99,19
48867,65,148,10
48868,65,179,8
48869,65,180,10
48870,65,149,8
48871,65,150,8
48872,65,151,10
48873,65,152,10
48874,65,100,10
48875,65,101,19
48876,65,102,10
48877,65,153,10
48878,66,66,10
48879,66,67,18
48880,66,189,
48881,66,68,10
48882,66,119,21
48883,66,162,8
48884,66,120,10
48885,66,163,10
48886,66,121,10
48887,66,122,10
48888,66,164,10
48889,66,123,8
48890,66,124,10
48891,66,125,8
48892,66,127,10
48893,66,69,10
48894,66,165,8
48895,66,128,10
48896,66,129,10
48897,66,130,8
48898,66,131,10
48899,66,166,10
48900,66,126,10
48901,66,73,10
48902,66,70,10
48903,66,132,10
48904,66,71,10
48905,66,167,10
48906,66,72,10
48907,66,133,8
48908,66,74,8
48909,66,76,10
48910,66,183,
48911,66,75,10
48912,66,77,8
48913,66,78,8
48914,66,79,8
48915,66,134,18
48916,66,168,10
48917,66,187,
48918,66,188,
48919,66,135,10
48920,66,136,8
48921,66,169,10
48922,66,81,10
48923,66,170,8
48924,66,137,10
48925,66,172,10
48926,66,171,10
48927,66,80,8
48928,66,173,8
48929,66,138,21
48930,66,174,19
48931,66,139,10
48932,66,82,8
48933,66,83,19
48934,66,190,
48935,66,175,21
48936,66,84,10
48937,66,176,10
48938,66,85,10
48939,66,140,10
48940,66,86,10
48941,66,177,10
48942,66,87,10
48943,66,88,10
48944,66,141,8
48945,66,142,8
48946,66,143,10
48947,66,178,10
48948,66,89,8
48949,66,90,10
48950,66,91,8
48952,66,92,10
48953,66,144,8
48954,66,145,10
48955,66,93,21
48956,66,94,10
48957,66,146,10
48958,66,95,8
48959,66,96,10
48960,66,97,10
48961,66,147,8
48962,66,98,10
48963,66,99,19
48964,66,148,10
48965,66,179,8
48966,66,180,10
48967,66,149,8
48968,66,150,8
48969,66,151,10
48970,66,152,10
48971,66,100,10
48972,66,101,19
48973,66,102,10
48974,66,153,10
48975,67,67,18
48976,67,189,
48977,67,68,28
48978,67,119,18
48979,67,162,18
48980,67,120,28
48981,67,163,28
48982,67,121,18
48983,67,122,28
48984,67,164,15
48985,67,123,26
48986,67,124,28
48987,67,125,18
48988,67,127,26
48989,67,69,17
48990,67,165,18
48991,67,128,28
48992,67,129,18
48993,67,130,18
48994,67,131,18
48995,67,166,18
48996,67,126,28
48997,67,73,28
48998,67,70,18
48999,67,132,28
49000,67,71,26
49001,67,167,26
49002,67,72,18
49003,67,133,18
49004,67,74,18
49005,67,76,18
49006,67,183,
49007,67,75,18
49008,67,77,17
49009,67,78,26
49010,67,79,18
49011,67,134,18
49012,67,168,28
49013,67,187,
49014,67,188,
49015,67,135,28
49016,67,136,18
49017,67,169,28
49018,67,81,28
49019,67,170,18
49020,67,137,18
49021,67,172,18
49022,67,171,26
49023,67,80,17
49024,67,173,26
49025,67,138,18
49026,67,174,18
49027,67,139,28
49028,67,82,17
49029,67,83,18
49030,67,190,
49031,67,175,18
49032,67,84,28
49033,67,176,18
49034,67,85,18
49035,67,140,26
49036,67,86,26
49037,67,177,28
49038,67,87,26
49039,67,88,28
49040,67,141,26
49041,67,142,18
49042,67,143,17
49043,67,178,28
49044,67,89,18
49045,67,90,18
49046,67,91,17
49048,67,92,17
49049,67,144,18
49050,67,145,17
49051,67,93,18
49052,67,94,15
49053,67,146,18
49054,67,95,18
49055,67,96,18
49056,67,97,28
49057,67,147,17
49058,67,98,28
49059,67,99,18
49060,67,148,18
49061,67,179,18
49062,67,180,28
49063,67,149,18
49064,67,150,26
49065,67,151,28
49066,67,152,15
49067,67,100,18
49068,67,101,18
49069,67,102,18
49070,67,153,15
49071,189,189,
49072,189,68,
49073,189,119,
49074,189,162,
49075,189,120,
49076,189,163,
49077,189,121,
49078,189,122,
49079,189,164,
49080,189,123,
49081,189,124,
49082,189,125,
49083,189,127,
49084,189,69,
49085,189,165,
49086,189,128,
49087,189,129,
49088,189,130,
49089,189,131,
49090,189,166,
49091,189,126,
49092,189,73,
49093,189,70,
49094,189,132,
49095,189,71,
49096,189,167,
49097,189,72,
49098,189,133,
49099,189,74,
49100,189,76,
49101,189,183,
49102,189,75,
49103,189,77,
49104,189,78,
49105,189,79,
49106,189,134,
49107,189,168,
49108,189,187,
49109,189,188,
49110,189,135,
49111,189,136,
49112,189,169,
49113,189,81,
49114,189,170,
49115,189,137,
49116,189,172,
49117,189,171,
49118,189,80,
49119,189,173,
49120,189,138,
49121,189,174,
49122,189,139,
49123,189,82,
49124,189,83,
49125,189,190,
49126,189,175,
49127,189,84,
49128,189,176,
49129,189,85,
49130,189,140,
49131,189,86,
49132,189,177,
49133,189,87,
49134,189,88,
49135,189,141,
49136,189,142,
49137,189,143,
49138,189,178,
49139,189,89,
49140,189,90,
49141,189,91,
49143,189,92,
49144,189,144,
49145,189,145,
49146,189,93,
49147,189,94,
49148,189,146,
49149,189,95,
49150,189,96,
49151,189,97,
49152,189,147,
49153,189,98,
49154,189,99,
49155,189,148,
49156,189,179,
49157,189,180,
49158,189,149,
49159,189,150,
49160,189,151,
49161,189,152,
49162,189,100,
49163,189,101,
49164,189,102,
49165,189,153,
49166,68,68,5
49167,68,119,21
49168,68,162,29
49169,68,120,5
49170,68,163,5
49171,68,121,22
49172,68,122,29
49173,68,164,15
49174,68,123,15
49175,68,124,29
49176,68,125,29
49177,68,127,6
49178,68,69,16
49179,68,165,29
49180,68,128,29
49181,68,129,22
49182,68,130,29
49183,68,131,22
49184,68,166,22
49185,68,126,28
49186,68,73,29
49187,68,70,22
49188,68,132,29
49189,68,71,6
49190,68,167,6
49191,68,72,22
49192,68,133,5
49193,68,74,5
49194,68,76,22
49195,68,183,
49196,68,75,22
49197,68,77,24
49198,68,78,15
49199,68,79,29
49200,68,134,28
49201,68,168,29
49202,68,187,
49203,68,188,
49204,68,135,5
49205,68,136,5
49206,68,169,3
49207,68,81,5
49208,68,170,5
49209,68,137,10
49210,68,172,22
49211,68,171,6
49212,68,80,24
49213,68,173,15
49214,68,138,21
49215,68,174,28
49216,68,139,3
49217,68,82,24
49218,68,83,28
49219,68,190,
49220,68,175,21
49221,68,84,3
49222,68,176,22
49223,68,85,10
49224,68,140,6
49225,68,86,6
49226,68,177,5
49227,68,87,6
49228,68,88,29
49229,68,141,15
49230,68,142,29
49231,68,143,16
49232,68,178,29
49233,68,89,5
49234,68,90,22
49235,68,91,24
49237,68,92,16
49238,68,144,5
49239,68,145,16
49240,68,93,21
49241,68,94,15
49242,68,146,22
49243,68,95,29
49244,68,96,22
49245,68,97,29
49246,68,147,24
49247,68,98,3
49248,68,99,28
49249,68,148,22
49250,68,179,5
49251,68,180,29
49252,68,149,29
49253,68,150,15
49254,68,151,29
49255,68,152,15
49256,68,100,22
49257,68,101,28
49258,68,102,10
49259,68,153,15
49260,119,119,93
49261,119,162,56
49262,119,120,93
49263,119,163,93
49264,119,121,93
49265,119,122,63
49266,119,164,71
49267,119,123,56
49268,119,124,71
49269,119,125,56
49270,119,127,71
49271,119,69,4
49272,119,165,79
49273,119,128,71
49274,119,129,93
49275,119,130,56
49276,119,131,63
49277,119,166,63
49278,119,126,102
49279,119,73,11
49280,119,70,6
49281,119,132,63
49282,119,71,6
49283,119,167,71
49284,119,72,11
49285,119,133,83
49286,119,74,19
49287,119,76,11
49288,119,183,
49289,119,75,21
49290,119,77,17
49291,119,78,20
49292,119,79,14
49293,119,134,67
49294,119,168,71
49295,119,187,
49296,119,188,
49297,119,135,93
49298,119,136,83
49299,119,169,93
49300,119,81,21
49301,119,170,83
49302,119,137,93
49303,119,172,93
49304,119,171,71
49305,119,80,17
49306,119,173,56
49307,119,138,93
49308,119,174,101
49309,119,139,93
49310,119,82,17
49311,119,83,19
49312,119,190,
49313,119,175,93
49314,119,84,21
49315,119,176,93
49316,119,85,10
49317,119,140,71
49318,119,86,6
49319,119,177,93
49320,119,87,6
49321,119,88,11
49322,119,141,56
49323,119,142,56
49324,119,143,39
49325,119,178,63
49326,119,89,19
49327,119,90,21
49328,119,91,17
49330,119,92,4
49331,119,144,83
49332,119,145,39
49333,119,93,21
49334,119,94,6
49335,119,146,71
49336,119,95,20
49337,119,96,6
49338,119,97,11
49339,119,147,82
49340,119,98,21
49341,119,99,19
49342,119,148,71
49343,119,179,83
49344,119,180,71
49345,119,149,79
49346,119,150,56
49347,119,151,63
49348,119,152,71
49349,119,100,21
49350,119,101,19
49351,119,102,10
49352,119,153,71
49353,162,162,125
49354,162,120,54
49355,162,163,104
49356,162,121,60
49357,162,122,88
49358,162,164,124
49359,162,123,42
49360,162,124,182
49361,162,125,43
49362,162,127,42
49363,162,69,13
49364,162,165,113
49365,162,128,182
49366,162,129,60
49367,162,130,43
49368,162,131,79
49369,162,166,113
49370,162,126,64
49371,162,73,24
49372,162,70,2
49373,162,132,88
49374,162,71,13
49375,162,167,142
49376,162,72,14
49377,162,133,60
49378,162,74,30
49379,162,76,14
49380,162,183,
49381,162,75,30
49382,162,77,13
49383,162,78,13
49384,162,79,14
49385,162,134,67
49386,162,168,128
49387,162,187,
49388,162,188,
49389,162,135,54
49390,162,136,60
49391,162,169,103
49392,162,81,29
49393,162,170,144
49394,162,137,51
49395,162,172,144
49396,162,171,142
49397,162,80,13
49398,162,173,142
49399,162,138,56
49400,162,174,123
49401,162,139,98
49402,162,82,13
49403,162,83,20
49404,162,190,
49405,162,175,123
49406,162,84,31
49407,162,176,144
49408,162,85,18
49409,162,140,42
49410,162,86,13
49411,162,177,104
49412,162,87,13
49413,162,88,24
49414,162,141,42
49415,162,142,43
49416,162,143,41
49417,162,178,151
49418,162,89,30
49419,162,90,30
49420,162,91,13
49422,162,92,13
49423,162,144,60
49424,162,145,41
49425,162,93,20
49426,162,94,1
49427,162,146,43
49428,162,95,2
49429,162,96,2
49430,162,97,24
49431,162,147,41
49432,162,98,31
49433,162,99,20
49434,162,148,43
49435,162,179,144
49436,162,180,128
49437,162,149,79
49438,162,150,42
49439,162,151,88
49440,162,152,182
49441,162,100,30
49442,162,101,20
49443,162,102,18
49444,162,153,182
49445,120,120,34
49446,120,163,34
49447,120,121,90
49448,120,122,68
49449,120,164,62
49450,120,123,62
49451,120,124,54
49452,120,125,54
49453,120,127,86
49454,120,69,16
49455,120,165,68
49456,120,128,54
49457,120,129,90
49458,120,130,54
49459,120,131,75
49460,120,166,75
49461,120,126,64
49462,120,73,29
49463,120,70,22
49464,120,132,68
49465,120,71,6
49466,120,167,86
49467,120,72,22
49468,120,133,34
49469,120,74,5
49470,120,76,22
49471,120,183,
49472,120,75,22
49473,120,77,24
49474,120,78,15
49475,120,79,29
49476,120,134,64
49477,120,168,54
49478,120,187,
49479,120,188,
49480,120,135,34
49481,120,136,34
49482,120,169,98
49483,120,81,5
49484,120,170,34
49485,120,137,65
49486,120,172,90
49487,120,171,86
49488,120,80,24
49489,120,173,62
49490,120,138,93
49491,120,174,64
49492,120,139,98
49493,120,82,24
49494,120,83,28
49495,120,190,
49496,120,175,93
49497,120,84,3
49498,120,176,90
49499,120,85,10
49500,120,140,86
49501,120,86,6
49502,120,177,34
49503,120,87,6
49504,120,88,29
49505,120,141,62
49506,120,142,54
49507,120,143,38
49508,120,178,68
49509,120,89,5
49510,120,90,22
49511,120,91,24
49513,120,92,16
49514,120,144,34
49515,120,145,38
49516,120,93,21
49517,120,94,15
49518,120,146,100
49519,120,95,29
49520,120,96,22
49521,120,97,29
49522,120,147,52
49523,120,98,3
49524,120,99,28
49525,120,148,100
49526,120,179,34
49527,120,180,54
49528,120,149,68
49529,120,150,62
49530,120,151,68
49531,120,152,62
49532,120,100,22
49533,120,101,28
49534,120,102,10
49535,120,153,62
49536,163,163,120
49537,163,121,90
49538,163,122,68
49539,163,164,153
49540,163,123,62
49541,163,124,54
49542,163,125,54
49543,163,127,86
49544,163,69,16
49545,163,165,135
49546,163,128,54
49547,163,129,90
49548,163,130,54
49549,163,131,75
49550,163,166,121
49551,163,126,64
49552,163,73,29
49553,163,70,22
49554,163,132,68
49555,163,71,6
49556,163,167,127
49557,163,72,22
49558,163,133,34
49559,163,74,5
49560,163,76,22
49561,163,183,
49562,163,75,22
49563,163,77,24
49564,163,78,15
49565,163,79,29
49566,163,134,64
49567,163,168,104
49568,163,187,
49569,163,188,
49570,163,135,34
49571,163,136,34
49572,163,169,116
49573,163,81,5
49574,163,170,120
49575,163,137,65
49576,163,172,129
49577,163,171,127
49578,163,80,24
49579,163,173,153
49580,163,138,93
49581,163,174,126
49582,163,139,98
49583,163,82,24
49584,163,83,28
49585,163,190,
49586,163,175,138
49587,163,84,3
49588,163,176,129
49589,163,85,10
49590,163,140,86
49591,163,86,6
49592,163,177,120
49593,163,87,6
49594,163,88,29
49595,163,141,62
49596,163,142,54
49597,163,143,38
49598,163,178,135
49599,163,89,5
49600,163,90,22
49601,163,91,24
49603,163,92,16
49604,163,144,34
49605,163,145,38
49606,163,93,21
49607,163,94,15
49608,163,146,100
49609,163,95,29
49610,163,96,22
49611,163,97,29
49612,163,147,52
49613,163,98,3
49614,163,99,28
49615,163,148,100
49616,163,179,120
49617,163,180,104
49618,163,149,68
49619,163,150,62
49620,163,151,68
49621,163,152,62
49622,163,100,22
49623,163,101,28
49624,163,102,10
49625,163,153,62
49626,121,121,90
49627,121,122,75
49628,121,164,86
49629,121,123,55
49630,121,124,100
49631,121,125,60
49632,121,127,86
49633,121,69,16
49634,121,165,36
49635,121,128,100
49636,121,129,90
49637,121,130,60
49638,121,131,75
49639,121,166,75
49640,121,126,85
49641,121,73,22
49642,121,70,22
49643,121,132,75
49644,121,71,6
49645,121,167,86
49646,121,72,22
49647,121,133,46
49648,121,74,7
49649,121,76,22
49650,121,183,
49651,121,75,22
49652,121,77,25
49653,121,78,20
49654,121,79,12
49655,121,134,67
49656,121,168,100
49657,121,187,
49658,121,188,
49659,121,135,90
49660,121,136,46
49661,121,169,65
49662,121,81,22
49663,121,170,46
49664,121,137,65
49665,121,172,90
49666,121,171,86
49667,121,80,25
49668,121,173,55
49669,121,138,93
49670,121,174,83
49671,121,139,65
49672,121,82,25
49673,121,83,19
49674,121,190,
49675,121,175,93
49676,121,84,10
49677,121,176,90
49678,121,85,10
49679,121,140,86
49680,121,86,6
49681,121,177,90
49682,121,87,6
49683,121,88,22
49684,121,141,55
49685,121,142,60
49686,121,143,38
49687,121,178,75
49688,121,89,7
49689,121,90,22
49690,121,91,25
49692,121,92,16
49693,121,144,46
49694,121,145,38
49695,121,93,21
49696,121,94,6
49697,121,146,100
49698,121,95,30
49699,121,96,22
49700,121,97,22
49701,121,147,59
49702,121,98,10
49703,121,99,19
49704,121,148,100
49705,121,179,46
49706,121,180,100
49707,121,149,36
49708,121,150,55
49709,121,151,75
49710,121,152,86
49711,121,100,22
49712,121,101,19
49713,121,102,10
49714,121,153,86
49715,122,122,53
49716,122,164,73
49717,122,123,73
49718,122,124,88
49719,122,125,88
49720,122,127,76
49721,122,69,16
49722,122,165,53
49723,122,128,88
49724,122,129,75
49725,122,130,88
49726,122,131,61
49727,122,166,61
49728,122,126,64
49729,122,73,27
49730,122,70,11
49731,122,132,53
49732,122,71,16
49733,122,167,76
49734,122,72,11
49735,122,133,68
49736,122,74,29
49737,122,76,11
49738,122,183,
49739,122,75,22
49740,122,77,24
49741,122,78,27
49742,122,79,27
49743,122,134,64
49744,122,168,88
49745,122,187,
49746,122,188,
49747,122,135,68
49748,122,136,68
49749,122,169,84
49750,122,81,29
49751,122,170,68
49752,122,137,66
49753,122,172,75
49754,122,171,76
49755,122,80,24
49756,122,173,73
49757,122,138,63
49758,122,174,97
49759,122,139,84
49760,122,82,24
49761,122,83,27
49762,122,190,
49763,122,175,63
49764,122,84,3
49765,122,176,75
49766,122,85,10
49767,122,140,76
49768,122,86,16
49769,122,177,68
49770,122,87,16
49771,122,88,27
49772,122,141,73
49773,122,142,88
49774,122,143,72
49775,122,178,53
49776,122,89,29
49777,122,90,22
49778,122,91,24
49780,122,92,16
49781,122,144,68
49782,122,145,72
49783,122,93,11
49784,122,94,27
49785,122,146,48
49786,122,95,24
49787,122,96,11
49788,122,97,27
49789,122,147,35
49790,122,98,3
49791,122,99,27
49792,122,148,48
49793,122,179,68
49794,122,180,88
49795,122,149,53
49796,122,150,73
49797,122,151,53
49798,122,152,73
49799,122,100,22
49800,122,101,27
49801,122,102,10
49802,122,153,73
49803,164,164,152
49804,164,123,62
49805,164,124,182
49806,164,125,182
49807,164,127,86
49808,164,69,6
49809,164,165,122
49810,164,128,182
49811,164,129,86
49812,164,130,182
49813,164,131,76
49814,164,166,131
49815,164,126,47
49816,164,73,27
49817,164,70,9
49818,164,132,73
49819,164,71,6
49820,164,167,127
49821,164,72,16
49822,164,133,62
49823,164,74,15
49824,164,76,16
49825,164,183,
49826,164,75,6
49827,164,77,23
49828,164,78,15
49829,164,79,27
49830,164,134,47
49831,164,168,124
49832,164,187,
49833,164,188,
49834,164,135,62
49835,164,136,62
49836,164,169,103
49837,164,81,15
49838,164,170,153
49839,164,137,33
49840,164,172,127
49841,164,171,127
49842,164,80,23
49843,164,173,152
49844,164,138,71
49845,164,174,153
49846,164,139,32
49847,164,82,23
49848,164,83,23
49849,164,190,
49850,164,175,140
49851,164,84,3
49852,164,176,127
49853,164,85,6
49854,164,140,86
49855,164,86,6
49856,164,177,153
49857,164,87,6
49858,164,88,27
49859,164,141,62
49860,164,142,182
49861,164,143,87
49862,164,178,122
49863,164,89,15
49864,164,90,6
49865,164,91,23
49867,164,92,6
49868,164,144,62
49869,164,145,87
49870,164,93,6
49871,164,94,15
49872,164,146,50
49873,164,95,1
49874,164,96,9
49875,164,97,27
49876,164,147,47
49877,164,98,3
49878,164,99,23
49879,164,148,50
49880,164,179,153
49881,164,180,124
49882,164,149,73
49883,164,150,62
49884,164,151,73
49885,164,152,62
49886,164,100,6
49887,164,101,23
49888,164,102,6
49889,164,153,62
49890,123,123,78
49891,123,124,182
49892,123,125,42
49893,123,127,78
49894,123,69,26
49895,123,165,59
49896,123,128,182
49897,123,129,55
49898,123,130,42
49899,123,131,59
49900,123,166,59
49901,123,126,47
49902,123,73,27
49903,123,70,13
49904,123,132,73
49905,123,71,26
49906,123,167,78
49907,123,72,25
49908,123,133,55
49909,123,74,20
49910,123,76,25
49911,123,183,
49912,123,75,20
49913,123,77,26
49914,123,78,26
49915,123,79,25
49916,123,134,55
49917,123,168,182
49918,123,187,
49919,123,188,
49920,123,135,62
49921,123,136,55
49922,123,169,32
49923,123,81,15
49924,123,170,55
49925,123,137,51
49926,123,172,55
49927,123,171,78
49928,123,80,26
49929,123,173,78
49930,123,138,56
49931,123,174,56
49932,123,139,32
49933,123,82,26
49934,123,83,20
49935,123,190,
49936,123,175,56
49937,123,84,3
49938,123,176,55
49939,123,85,26
49940,123,140,78
49941,123,86,26
49942,123,177,62
49943,123,87,26
49944,123,88,27
49945,123,141,78
49946,123,142,42
49947,123,143,78
49948,123,178,73
49949,123,89,20
49950,123,90,20
49951,123,91,26
49953,123,92,26
49954,123,144,55
49955,123,145,78
49956,123,93,20
49957,123,94,15
49958,123,146,42
49959,123,95,13
49960,123,96,13
49961,123,97,27
49962,123,147,78
49963,123,98,3
49964,123,99,20
49965,123,148,42
49966,123,179,55
49967,123,180,182
49968,123,149,59
49969,123,150,78
49970,123,151,73
49971,123,152,62
49972,123,100,20
49973,123,101,20
49974,123,102,26
49975,123,153,62
49976,124,124,182
49977,124,125,182
49978,124,127,50
49979,124,69,9
49980,124,165,88
49981,124,128,182
49982,124,129,100
49983,124,130,182
49984,124,131,48
49985,124,166,48
49986,124,126,64
49987,124,73,24
49988,124,70,9
49989,124,132,88
49990,124,71,9
49991,124,167,50
49992,124,72,11
49993,124,133,54
49994,124,74,29
49995,124,76,11
49996,124,183,
49997,124,75,22
49998,124,77,1
49999,124,78,1
50000,124,79,24
50001,124,134,64
50002,124,168,182
50003,124,187,
50004,124,188,
50005,124,135,54
50006,124,136,54
50007,124,169,98
50008,124,81,29
50009,124,170,54
50010,124,137,33
50011,124,172,100
50012,124,171,50
50013,124,80,1
50014,124,173,182
50015,124,138,71
50016,124,174,147
50017,124,139,98
50018,124,82,1
50019,124,83,23
50020,124,190,
50021,124,175,71
50022,124,84,31
50023,124,176,100
50024,124,85,10
50025,124,140,50
50026,124,86,9
50027,124,177,54
50028,124,87,9
50029,124,88,24
50030,124,141,182
50031,124,142,182
50032,124,143,70
50033,124,178,88
50034,124,89,29
50035,124,90,22
50036,124,91,1
50038,124,92,9
50039,124,144,54
50040,124,145,70
50041,124,93,6
50042,124,94,1
50043,124,146,96
50044,124,95,1
50045,124,96,9
50046,124,97,24
50047,124,147,182
50048,124,98,31
50049,124,99,23
50050,124,148,96
50051,124,179,54
50052,124,180,182
50053,124,149,88
50054,124,150,182
50055,124,151,88
50056,124,152,182
50057,124,100,22
50058,124,101,23
50059,124,102,10
50060,124,153,182
50061,125,125,43
50062,125,127,42
50063,125,69,13
50064,125,165,79
50065,125,128,182
50066,125,129,60
50067,125,130,43
50068,125,131,79
50069,125,166,79
50070,125,126,64
50071,125,73,24
50072,125,70,2
50073,125,132,88
50074,125,71,13
50075,125,167,42
50076,125,72,14
50077,125,133,60
50078,125,74,30
50079,125,76,14
50080,125,183,
50081,125,75,30
50082,125,77,13
50083,125,78,13
50084,125,79,14
50085,125,134,67
50086,125,168,182
50087,125,187,
50088,125,188,
50089,125,135,54
50090,125,136,60
50091,125,169,98
50092,125,81,29
50093,125,170,60
50094,125,137,51
50095,125,172,60
50096,125,171,42
50097,125,80,13
50098,125,173,42
50099,125,138,56
50100,125,174,56
50101,125,139,98
50102,125,82,13
50103,125,83,20
50104,125,190,
50105,125,175,56
50106,125,84,31
50107,125,176,60
50108,125,85,18
50109,125,140,42
50110,125,86,13
50111,125,177,54
50112,125,87,13
50113,125,88,24
50114,125,141,42
50115,125,142,43
50116,125,143,41
50117,125,178,88
50118,125,89,30
50119,125,90,30
50120,125,91,13
50122,125,92,13
50123,125,144,60
50124,125,145,41
50125,125,93,20
50126,125,94,1
50127,125,146,43
50128,125,95,2
50129,125,96,2
50130,125,97,24
50131,125,147,41
50132,125,98,31
50133,125,99,20
50134,125,148,43
50135,125,179,60
50136,125,180,182
50137,125,149,79
50138,125,150,42
50139,125,151,88
50140,125,152,182
50141,125,100,30
50142,125,101,20
50143,125,102,18
50144,125,153,182
50145,127,127,86
50146,127,69,6
50147,127,165,59
50148,127,128,50
50149,127,129,86
50150,127,130,42
50151,127,131,76
50152,127,166,76
50153,127,126,87
50154,127,73,16
50155,127,70,9
50156,127,132,76
50157,127,71,6
50158,127,167,86
50159,127,72,16
50160,127,133,55
50161,127,74,20
50162,127,76,16
50163,127,183,
50164,127,75,6
50165,127,77,26
50166,127,78,26
50167,127,79,25
50168,127,134,55
50169,127,168,50
50170,127,187,
50171,127,188,
50172,127,135,86
50173,127,136,55
50174,127,169,33
50175,127,81,6
50176,127,170,55
50177,127,137,33
50178,127,172,86
50179,127,171,86
50180,127,80,26
50181,127,173,78
50182,127,138,71
50183,127,174,56
50184,127,139,33
50185,127,82,26
50186,127,83,20
50187,127,190,
50188,127,175,71
50189,127,84,10
50190,127,176,86
50191,127,85,6
50192,127,140,86
50193,127,86,6
50194,127,177,86
50195,127,87,6
50196,127,88,16
50197,127,141,78
50198,127,142,42
50199,127,143,87
50200,127,178,76
50201,127,89,20
50202,127,90,6
50203,127,91,26
50205,127,92,6
50206,127,144,55
50207,127,145,87
50208,127,93,6
50209,127,94,6
50210,127,146,50
50211,127,95,13
50212,127,96,9
50213,127,97,16
50214,127,147,78
50215,127,98,10
50216,127,99,20
50217,127,148,50
50218,127,179,55
50219,127,180,50
50220,127,149,59
50221,127,150,78
50222,127,151,76
50223,127,152,86
50224,127,100,6
50225,127,101,20
50226,127,102,6
50227,127,153,86
50228,69,69,4
50229,69,165,25
50230,69,128,9
50231,69,129,16
50232,69,130,13
50233,69,131,16
50234,69,166,16
50235,69,126,4
50236,69,73,16
50237,69,70,9
50238,69,132,16
50239,69,71,6
50240,69,167,6
50241,69,72,16
50242,69,133,25
50243,69,74,25
50244,69,76,16
50245,69,183,
50246,69,75,16
50247,69,77,17
50248,69,78,26
50249,69,79,25
50250,69,134,17
50251,69,168,9
50252,69,187,
50253,69,188,
50254,69,135,16
50255,69,136,25
50256,69,169,10
50257,69,81,16
50258,69,170,25
50259,69,137,10
50260,69,172,16
50261,69,171,6
50262,69,80,17
50263,69,173,26
50264,69,138,4
50265,69,174,17
50266,69,139,10
50267,69,82,17
50268,69,83,17
50269,69,190,
50270,69,175,4
50271,69,84,10
50272,69,176,16
50273,69,85,4
50274,69,140,6
50275,69,86,6
50276,69,177,16
50277,69,87,6
50278,69,88,16
50279,69,141,26
50280,69,142,13
50281,69,143,4
50282,69,178,16
50283,69,89,25
50284,69,90,16
50285,69,91,17
50287,69,92,4
50288,69,144,25
50289,69,145,4
50290,69,93,4
50291,69,94,6
50292,69,146,9
50293,69,95,13
50294,69,96,9
50295,69,97,16
50296,69,147,17
50297,69,98,10
50298,69,99,17
50299,69,148,9
50300,69,179,25
50301,69,180,9
50302,69,149,25
50303,69,150,26
50304,69,151,16
50305,69,152,6
50306,69,100,16
50307,69,101,17
50308,69,102,4
50309,69,153,6
50310,165,165,113
50311,165,128,88
50312,165,129,36
50313,165,130,79
50314,165,131,79
50315,165,166,113
50316,165,126,64
50317,165,73,27
50318,165,70,14
50319,165,132,53
50320,165,71,25
50321,165,167,149
50322,165,72,14
50323,165,133,36
50324,165,74,12
50325,165,76,14
50326,165,183,
50327,165,75,12
50328,165,77,25
50329,165,78,25
50330,165,79,14
50331,165,134,67
50332,165,168,151
50333,165,187,
50334,165,188,
50335,165,135,68
50336,165,136,36
50337,165,169,103
50338,165,81,29
50339,165,170,136
50340,165,137,51
50341,165,172,136
50342,165,171,149
50343,165,80,25
50344,165,173,149
50345,165,138,79
50346,165,174,113
50347,165,139,84
50348,165,82,25
50349,165,83,14
50350,165,190,
50351,165,175,113
50352,165,84,3
50353,165,176,136
50354,165,85,18
50355,165,140,59
50356,165,86,25
50357,165,177,135
50358,165,87,25
50359,165,88,27
50360,165,141,59
50361,165,142,79
50362,165,143,59
50363,165,178,151
50364,165,89,12
50365,165,90,12
50366,165,91,25
50368,165,92,25
50369,165,144,36
50370,165,145,59
50371,165,93,14
50372,165,94,27
50373,165,146,79
50374,165,95,14
50375,165,96,14
50376,165,97,27
50377,165,147,59
50378,165,98,3
50379,165,99,14
50380,165,148,79
50381,165,179,136
50382,165,180,151
50383,165,149,79
50384,165,150,59
50385,165,151,53
50386,165,152,73
50387,165,100,12
50388,165,101,14
50389,165,102,18
50390,165,153,73
50391,128,128,182
50392,128,129,100
50393,128,130,182
50394,128,131,48
50395,128,166,48
50396,128,126,64
50397,128,73,24
50398,128,70,9
50399,128,132,88
50400,128,71,9
50401,128,167,50
50402,128,72,11
50403,128,133,54
50404,128,74,29
50405,128,76,11
50406,128,183,
50407,128,75,22
50408,128,77,1
50409,128,78,1
50410,128,79,24
50411,128,134,64
50412,128,168,182
50413,128,187,
50414,128,188,
50415,128,135,54
50416,128,136,54
50417,128,169,98
50418,128,81,29
50419,128,170,54
50420,128,137,33
50421,128,172,100
50422,128,171,50
50423,128,80,1
50424,128,173,182
50425,128,138,71
50426,128,174,147
50427,128,139,98
50428,128,82,1
50429,128,83,23
50430,128,190,
50431,128,175,71
50432,128,84,31
50433,128,176,100
50434,128,85,10
50435,128,140,50
50436,128,86,9
50437,128,177,54
50438,128,87,9
50439,128,88,24
50440,128,141,182
50441,128,142,182
50442,128,143,70
50443,128,178,88
50444,128,89,29
50445,128,90,22
50446,128,91,1
50448,128,92,9
50449,128,144,54
50450,128,145,70
50451,128,93,6
50452,128,94,1
50453,128,146,96
50454,128,95,1
50455,128,96,9
50456,128,97,24
50457,128,147,182
50458,128,98,31
50459,128,99,23
50460,128,148,96
50461,128,179,54
50462,128,180,182
50463,128,149,88
50464,128,150,182
50465,128,151,88
50466,128,152,182
50467,128,100,22
50468,128,101,23
50469,128,102,10
50470,128,153,182
50471,129,129,90
50472,129,130,60
50473,129,131,75
50474,129,166,75
50475,129,126,85
50476,129,73,22
50477,129,70,22
50478,129,132,75
50479,129,71,6
50480,129,167,86
50481,129,72,22
50482,129,133,46
50483,129,74,7
50484,129,76,22
50485,129,183,
50486,129,75,22
50487,129,77,25
50488,129,78,20
50489,129,79,12
50490,129,134,67
50491,129,168,100
50492,129,187,
50493,129,188,
50494,129,135,90
50495,129,136,46
50496,129,169,65
50497,129,81,22
50498,129,170,46
50499,129,137,65
50500,129,172,90
50501,129,171,86
50502,129,80,25
50503,129,173,55
50504,129,138,93
50505,129,174,83
50506,129,139,65
50507,129,82,25
50508,129,83,19
50509,129,190,
50510,129,175,93
50511,129,84,10
50512,129,176,90
50513,129,85,10
50514,129,140,86
50515,129,86,6
50516,129,177,90
50517,129,87,6
50518,129,88,22
50519,129,141,55
50520,129,142,60
50521,129,143,38
50522,129,178,75
50523,129,89,7
50524,129,90,22
50525,129,91,25
50527,129,92,16
50528,129,144,46
50529,129,145,38
50530,129,93,21
50531,129,94,6
50532,129,146,100
50533,129,95,30
50534,129,96,22
50535,129,97,22
50536,129,147,59
50537,129,98,10
50538,129,99,19
50539,129,148,100
50540,129,179,46
50541,129,180,100
50542,129,149,36
50543,129,150,55
50544,129,151,75
50545,129,152,86
50546,129,100,22
50547,129,101,19
50548,129,102,10
50549,129,153,86
50550,130,130,43
50551,130,131,79
50552,130,166,79
50553,130,126,64
50554,130,73,24
50555,130,70,2
50556,130,132,88
50557,130,71,13
50558,130,167,42
50559,130,72,14
50560,130,133,60
50561,130,74,30
50562,130,76,14
50563,130,183,
50564,130,75,30
50565,130,77,13
50566,130,78,13
50567,130,79,14
50568,130,134,67
50569,130,168,182
50570,130,187,
50571,130,188,
50572,130,135,54
50573,130,136,60
50574,130,169,98
50575,130,81,29
50576,130,170,60
50577,130,137,51
50578,130,172,60
50579,130,171,42
50580,130,80,13
50581,130,173,42
50582,130,138,56
50583,130,174,56
50584,130,139,98
50585,130,82,13
50586,130,83,20
50587,130,190,
50588,130,175,56
50589,130,84,31
50590,130,176,60
50591,130,85,18
50592,130,140,42
50593,130,86,13
50594,130,177,54
50595,130,87,13
50596,130,88,24
50597,130,141,42
50598,130,142,43
50599,130,143,41
50600,130,178,88
50601,130,89,30
50602,130,90,30
50603,130,91,13
50605,130,92,13
50606,130,144,60
50607,130,145,41
50608,130,93,20
50609,130,94,1
50610,130,146,43
50611,130,95,2
50612,130,96,2
50613,130,97,24
50614,130,147,41
50615,130,98,31
50616,130,99,20
50617,130,148,43
50618,130,179,60
50619,130,180,182
50620,130,149,79
50621,130,150,42
50622,130,151,88
50623,130,152,182
50624,130,100,30
50625,130,101,20
50626,130,102,18
50627,130,153,182
50628,131,131,61
50629,131,166,61
50630,131,126,85
50631,131,73,11
50632,131,70,11
50633,131,132,61
50634,131,71,16
50635,131,167,76
50636,131,72,11
50637,131,133,36
50638,131,74,12
50639,131,76,11
50640,131,183,
50641,131,75,22
50642,131,77,25
50643,131,78,25
50644,131,79,14
50645,131,134,67
50646,131,168,48
50647,131,187,
50648,131,188,
50649,131,135,75
50650,131,136,36
50651,131,169,66
50652,131,81,22
50653,131,170,36
50654,131,137,66
50655,131,172,75
50656,131,171,76
50657,131,80,25
50658,131,173,59
50659,131,138,63
50660,131,174,79
50661,131,139,66
50662,131,82,25
50663,131,83,14
50664,131,190,
50665,131,175,63
50666,131,84,10
50667,131,176,75
50668,131,85,10
50669,131,140,76
50670,131,86,16
50671,131,177,75
50672,131,87,16
50673,131,88,11
50674,131,141,59
50675,131,142,79
50676,131,143,72
50677,131,178,61
50678,131,89,12
50679,131,90,22
50680,131,91,25
50682,131,92,16
50683,131,144,36
50684,131,145,72
50685,131,93,11
50686,131,94,16
50687,131,146,48
50688,131,95,14
50689,131,96,11
50690,131,97,11
50691,131,147,59
50692,131,98,10
50693,131,99,14
50694,131,148,48
50695,131,179,36
50696,131,180,48
50697,131,149,79
50698,131,150,59
50699,131,151,61
50700,131,152,76
50701,131,100,22
50702,131,101,14
50703,131,102,10
50704,131,153,76
50705,166,166,131
50706,166,126,85
50707,166,73,11
50708,166,70,11
50709,166,132,61
50710,166,71,16
50711,166,167,131
50712,166,72,11
50713,166,133,36
50714,166,74,12
50715,166,76,11
50716,166,183,
50717,166,75,22
50718,166,77,25
50719,166,78,25
50720,166,79,14
50721,166,134,67
50722,166,168,131
50723,166,187,
50724,166,188,
50725,166,135,75
50726,166,136,36
50727,166,169,110
50728,166,81,22
50729,166,170,136
50730,166,137,66
50731,166,172,121
50732,166,171,131
50733,166,80,25
50734,166,173,149
50735,166,138,63
50736,166,174,113
50737,166,139,66
50738,166,82,25
50739,166,83,14
50740,166,190,
50741,166,175,131
50742,166,84,10
50743,166,176,121
50744,166,85,10
50745,166,140,76
50746,166,86,16
50747,166,177,121
50748,166,87,16
50749,166,88,11
50750,166,141,59
50751,166,142,79
50752,166,143,72
50753,166,178,131
50754,166,89,12
50755,166,90,22
50756,166,91,25
50758,166,92,16
50759,166,144,36
50760,166,145,72
50761,166,93,11
50762,166,94,16
50763,166,146,48
50764,166,95,14
50765,166,96,11
50766,166,97,11
50767,166,147,59
50768,166,98,10
50769,166,99,14
50770,166,148,48
50771,166,179,136
50772,166,180,131
50773,166,149,79
50774,166,150,59
50775,166,151,61
50776,166,152,76
50777,166,100,22
50778,166,101,14
50779,166,102,10
50780,166,153,76
50781,126,126,64
50782,126,73,28
50783,126,70,10
50784,126,132,64
50785,126,71,6
50786,126,167,87
50787,126,72,10
50788,126,133,64
50789,126,74,28
50790,126,76,10
50791,126,183,
50792,126,75,10
50793,126,77,28
50794,126,78,15
50795,126,79,28
50796,126,134,64
50797,126,168,64
50798,126,187,
50799,126,188,
50800,126,135,64
50801,126,136,64
50802,126,169,64
50803,126,81,28
50804,126,170,64
50805,126,137,102
50806,126,172,85
50807,126,171,87
50808,126,80,28
50809,126,173,47
50810,126,138,102
50811,126,174,64
50812,126,139,64
50813,126,82,28
50814,126,83,28
50815,126,190,
50816,126,175,102
50817,126,84,28
50818,126,176,85
50819,126,85,10
50820,126,140,87
50821,126,86,6
50822,126,177,64
50823,126,87,6
50824,126,88,28
50825,126,141,47
50826,126,142,64
50827,126,143,92
50828,126,178,64
50829,126,89,28
50830,126,90,10
50831,126,91,28
50833,126,92,4
50834,126,144,64
50835,126,145,92
50836,126,93,10
50837,126,94,15
50838,126,146,85
50839,126,95,28
50840,126,96,10
50841,126,97,28
50842,126,147,64
50843,126,98,28
50844,126,99,28
50845,126,148,85
50846,126,179,64
50847,126,180,64
50848,126,149,64
50849,126,150,47
50850,126,151,64
50851,126,152,47
50852,126,100,10
50853,126,101,28
50854,126,102,10
50855,126,153,47
50856,73,73,27
50857,73,70,11
50858,73,132,27
50859,73,71,16
50860,73,167,16
50861,73,72,11
50862,73,133,29
50863,73,74,29
50864,73,76,11
50865,73,183,
50866,73,75,22
50867,73,77,24
50868,73,78,27
50869,73,79,27
50870,73,134,28
50871,73,168,24
50872,73,187,
50873,73,188,
50874,73,135,29
50875,73,136,29
50876,73,169,3
50877,73,81,29
50878,73,170,29
50879,73,137,10
50880,73,172,22
50881,73,171,16
50882,73,80,24
50883,73,173,27
50884,73,138,11
50885,73,174,27
50886,73,139,3
50887,73,82,24
50888,73,83,27
50889,73,190,
50890,73,175,11
50891,73,84,3
50892,73,176,22
50893,73,85,10
50894,73,140,16
50895,73,86,16
50896,73,177,29
50897,73,87,16
50898,73,88,27
50899,73,141,27
50900,73,142,24
50901,73,143,16
50902,73,178,27
50903,73,89,29
50904,73,90,22
50905,73,91,24
50907,73,92,16
50908,73,144,29
50909,73,145,16
50910,73,93,11
50911,73,94,27
50912,73,146,11
50913,73,95,24
50914,73,96,11
50915,73,97,27
50916,73,147,24
50917,73,98,3
50918,73,99,27
50919,73,148,11
50920,73,179,29
50921,73,180,24
50922,73,149,27
50923,73,150,27
50924,73,151,27
50925,73,152,27
50926,73,100,22
50927,73,101,27
50928,73,102,10
50929,73,153,27
50930,70,70,9
50931,70,132,11
50932,70,71,9
50933,70,167,9
50934,70,72,11
50935,70,133,30
50936,70,74,30
50937,70,76,11
50938,70,183,
50939,70,75,22
50940,70,77,13
50941,70,78,13
50942,70,79,14
50943,70,134,18
50944,70,168,9
50945,70,187,
50946,70,188,
50947,70,135,22
50948,70,136,30
50949,70,169,10
50950,70,81,22
50951,70,170,30
50952,70,137,10
50953,70,172,22
50954,70,171,9
50955,70,80,13
50956,70,173,13
50957,70,138,6
50958,70,174,20
50959,70,139,10
50960,70,82,13
50961,70,83,20
50962,70,190,
50963,70,175,6
50964,70,84,10
50965,70,176,22
50966,70,85,10
50967,70,140,9
50968,70,86,9
50969,70,177,22
50970,70,87,9
50971,70,88,11
50972,70,141,13
50973,70,142,2
50974,70,143,9
50975,70,178,11
50976,70,89,30
50977,70,90,22
50978,70,91,13
50980,70,92,9
50981,70,144,30
50982,70,145,9
50983,70,93,6
50984,70,94,9
50985,70,146,9
50986,70,95,2
50987,70,96,9
50988,70,97,11
50989,70,147,13
50990,70,98,10
50991,70,99,20
50992,70,148,9
50993,70,179,30
50994,70,180,9
50995,70,149,14
50996,70,150,13
50997,70,151,11
50998,70,152,9
50999,70,100,22
51000,70,101,20
51001,70,102,10
51002,70,153,9
51003,132,132,53
51004,132,71,16
51005,132,167,76
51006,132,72,11
51007,132,133,68
51008,132,74,29
51009,132,76,11
51010,132,183,
51011,132,75,22
51012,132,77,24
51013,132,78,27
51014,132,79,27
51015,132,134,64
51016,132,168,88
51017,132,187,
51018,132,188,
51019,132,135,68
51020,132,136,68
51021,132,169,84
51022,132,81,29
51023,132,170,68
51024,132,137,66
51025,132,172,75
51026,132,171,76
51027,132,80,24
51028,132,173,73
51029,132,138,63
51030,132,174,97
51031,132,139,84
51032,132,82,24
51033,132,83,27
51034,132,190,
51035,132,175,63
51036,132,84,3
51037,132,176,75
51038,132,85,10
51039,132,140,76
51040,132,86,16
51041,132,177,68
51042,132,87,16
51043,132,88,27
51044,132,141,73
51045,132,142,88
51046,132,143,72
51047,132,178,53
51048,132,89,29
51049,132,90,22
51050,132,91,24
51052,132,92,16
51053,132,144,68
51054,132,145,72
51055,132,93,11
51056,132,94,27
51057,132,146,48
51058,132,95,24
51059,132,96,11
51060,132,97,27
51061,132,147,35
51062,132,98,3
51063,132,99,27
51064,132,148,48
51065,132,179,68
51066,132,180,88
51067,132,149,53
51068,132,150,73
51069,132,151,53
51070,132,152,73
51071,132,100,22
51072,132,101,27
51073,132,102,10
51074,132,153,73
51075,71,71,6
51076,71,167,6
51077,71,72,16
51078,71,133,20
51079,71,74,20
51080,71,76,16
51081,71,183,
51082,71,75,6
51083,71,77,26
51084,71,78,26
51085,71,79,25
51086,71,134,26
51087,71,168,9
51088,71,187,
51089,71,188,
51090,71,135,6
51091,71,136,20
51092,71,169,10
51093,71,81,6
51094,71,170,20
51095,71,137,10
51096,71,172,6
51097,71,171,6
51098,71,80,26
51099,71,173,26
51100,71,138,6
51101,71,174,20
51102,71,139,10
51103,71,82,26
51104,71,83,20
51105,71,190,
51106,71,175,6
51107,71,84,10
51108,71,176,6
51109,71,85,6
51110,71,140,6
51111,71,86,6
51112,71,177,6
51113,71,87,6
51114,71,88,16
51115,71,141,26
51116,71,142,13
51117,71,143,6
51118,71,178,16
51119,71,89,20
51120,71,90,6
51121,71,91,26
51123,71,92,6
51124,71,144,20
51125,71,145,6
51126,71,93,6
51127,71,94,6
51128,71,146,9
51129,71,95,13
51130,71,96,9
51131,71,97,16
51132,71,147,26
51133,71,98,10
51134,71,99,20
51135,71,148,9
51136,71,179,20
51137,71,180,9
51138,71,149,25
51139,71,150,26
51140,71,151,16
51141,71,152,6
51142,71,100,6
51143,71,101,20
51144,71,102,6
51145,71,153,6
51146,167,167,127
51147,167,72,16
51148,167,133,55
51149,167,74,20
51150,167,76,16
51151,167,183,
51152,167,75,6
51153,167,77,26
51154,167,78,26
51155,167,79,25
51156,167,134,55
51157,167,168,148
51158,167,187,
51159,167,188,
51160,167,135,86
51161,167,136,55
51162,167,169,110
51163,167,81,6
51164,167,170,141
51165,167,137,33
51166,167,172,127
51167,167,171,127
51168,167,80,26
51169,167,173,112
51170,167,138,71
51171,167,174,123
51172,167,139,33
51173,167,82,26
51174,167,83,20
51175,167,190,
51176,167,175,140
51177,167,84,10
51178,167,176,127
51179,167,85,6
51180,167,140,86
51181,167,86,6
51182,167,177,127
51183,167,87,6
51184,167,88,16
51185,167,141,78
51186,167,142,42
51187,167,143,87
51188,167,178,131
51189,167,89,20
51190,167,90,6
51191,167,91,26
51193,167,92,6
51194,167,144,55
51195,167,145,87
51196,167,93,6
51197,167,94,6
51198,167,146,50
51199,167,95,13
51200,167,96,9
51201,167,97,16
51202,167,147,78
51203,167,98,10
51204,167,99,20
51205,167,148,50
51206,167,179,141
51207,167,180,148
51208,167,149,59
51209,167,150,78
51210,167,151,76
51211,167,152,86
51212,167,100,6
51213,167,101,20
51214,167,102,6
51215,167,153,86
51216,72,72,11
51217,72,133,12
51218,72,74,12
51219,72,76,11
51220,72,183,
51221,72,75,22
51222,72,77,25
51223,72,78,25
51224,72,79,14
51225,72,134,18
51226,72,168,11
51227,72,187,
51228,72,188,
51229,72,135,22
51230,72,136,12
51231,72,169,10
51232,72,81,22
51233,72,170,12
51234,72,137,10
51235,72,172,22
51236,72,171,16
51237,72,80,25
51238,72,173,25
51239,72,138,11
51240,72,174,14
51241,72,139,10
51242,72,82,25
51243,72,83,14
51244,72,190,
51245,72,175,11
51246,72,84,10
51247,72,176,22
51248,72,85,10
51249,72,140,16
51250,72,86,16
51251,72,177,22
51252,72,87,16
51253,72,88,11
51254,72,141,25
51255,72,142,14
51256,72,143,16
51257,72,178,11
51258,72,89,12
51259,72,90,22
51260,72,91,25
51262,72,92,16
51263,72,144,12
51264,72,145,16
51265,72,93,11
51266,72,94,16
51267,72,146,11
51268,72,95,14
51269,72,96,11
51270,72,97,11
51271,72,147,25
51272,72,98,10
51273,72,99,14
51274,72,148,11
51275,72,179,12
51276,72,180,11
51277,72,149,14
51278,72,150,25
51279,72,151,11
51280,72,152,16
51281,72,100,22
51282,72,101,14
51283,72,102,10
51284,72,153,16
51285,133,133,46
51286,133,74,7
51287,133,76,12
51288,133,183,
51289,133,75,7
51290,133,77,25
51291,133,78,20
51292,133,79,12
51293,133,134,67
51294,133,168,54
51295,133,187,
51296,133,188,
51297,133,135,34
51298,133,136,46
51299,133,169,98
51300,133,81,5
51301,133,170,46
51302,133,137,51
51303,133,172,46
51304,133,171,55
51305,133,80,25
51306,133,173,55
51307,133,138,83
51308,133,174,83
51309,133,139,98
51310,133,82,25
51311,133,83,19
51312,133,190,
51313,133,175,83
51314,133,84,3
51315,133,176,46
51316,133,85,18
51317,133,140,55
51318,133,86,20
51319,133,177,34
51320,133,87,20
51321,133,88,29
51322,133,141,55
51323,133,142,60
51324,133,143,59
51325,133,178,68
51326,133,89,7
51327,133,90,7
51328,133,91,25
51330,133,92,25
51331,133,144,46
51332,133,145,59
51333,133,93,19
51334,133,94,15
51335,133,146,60
51336,133,95,30
51337,133,96,30
51338,133,97,29
51339,133,147,59
51340,133,98,3
51341,133,99,19
51342,133,148,60
51343,133,179,46
51344,133,180,54
51345,133,149,36
51346,133,150,55
51347,133,151,68
51348,133,152,62
51349,133,100,7
51350,133,101,19
51351,133,102,18
51352,133,153,62
51353,74,74,7
51354,74,76,12
51355,74,183,
51356,74,75,7
51357,74,77,25
51358,74,78,20
51359,74,79,12
51360,74,134,18
51361,74,168,29
51362,74,187,
51363,74,188,
51364,74,135,5
51365,74,136,7
51366,74,169,3
51367,74,81,5
51368,74,170,7
51369,74,137,8
51370,74,172,7
51371,74,171,20
51372,74,80,25
51373,74,173,20
51374,74,138,19
51375,74,174,19
51376,74,139,3
51377,74,82,25
51378,74,83,19
51379,74,190,
51380,74,175,19
51381,74,84,3
51382,74,176,7
51383,74,85,18
51384,74,140,20
51385,74,86,20
51386,74,177,5
51387,74,87,20
51388,74,88,29
51389,74,141,20
51390,74,142,30
51391,74,143,25
51392,74,178,29
51393,74,89,7
51394,74,90,7
51395,74,91,25
51397,74,92,25
51398,74,144,7
51399,74,145,25
51400,74,93,19
51401,74,94,15
51402,74,146,30
51403,74,95,30
51404,74,96,30
51405,74,97,29
51406,74,147,25
51407,74,98,3
51408,74,99,19
51409,74,148,30
51410,74,179,7
51411,74,180,29
51412,74,149,12
51413,74,150,20
51414,74,151,29
51415,74,152,15
51416,74,100,7
51417,74,101,19
51418,74,102,18
51419,74,153,15
51420,76,76,11
51421,76,183,
51422,76,75,22
51423,76,77,25
51424,76,78,25
51425,76,79,14
51426,76,134,18
51427,76,168,11
51428,76,187,
51429,76,188,
51430,76,135,22
51431,76,136,12
51432,76,169,10
51433,76,81,22
51434,76,170,12
51435,76,137,10
51436,76,172,22
51437,76,171,16
51438,76,80,25
51439,76,173,25
51440,76,138,11
51441,76,174,14
51442,76,139,10
51443,76,82,25
51444,76,83,14
51445,76,190,
51446,76,175,11
51447,76,84,10
51448,76,176,22
51449,76,85,10
51450,76,140,16
51451,76,86,16
51452,76,177,22
51453,76,87,16
51454,76,88,11
51455,76,141,25
51456,76,142,14
51457,76,143,16
51458,76,178,11
51459,76,89,12
51460,76,90,22
51461,76,91,25
51463,76,92,16
51464,76,144,12
51465,76,145,16
51466,76,93,11
51467,76,94,16
51468,76,146,11
51469,76,95,14
51470,76,96,11
51471,76,97,11
51472,76,147,25
51473,76,98,10
51474,76,99,14
51475,76,148,11
51476,76,179,12
51477,76,180,11
51478,76,149,14
51479,76,150,25
51480,76,151,11
51481,76,152,16
51482,76,100,22
51483,76,101,14
51484,76,102,10
51485,76,153,16
51486,183,183,
51487,183,75,
51488,183,77,
51489,183,78,
51490,183,79,
51491,183,134,
51492,183,168,
51493,183,187,
51494,183,188,
51495,183,135,
51496,183,136,
51497,183,169,
51498,183,81,
51499,183,170,
51500,183,137,
51501,183,172,
51502,183,171,
51503,183,80,
51504,183,173,
51505,183,138,
51506,183,174,
51507,183,139,
51508,183,82,
51509,183,83,
51510,183,190,
51511,183,175,
51512,183,84,
51513,183,176,
51514,183,85,
51515,183,140,
51516,183,86,
51517,183,177,
51518,183,87,
51519,183,88,
51520,183,141,
51521,183,142,
51522,183,143,
51523,183,178,
51524,183,89,
51525,183,90,
51526,183,91,
51528,183,92,
51529,183,144,
51530,183,145,
51531,183,93,
51532,183,94,
51533,183,146,
51534,183,95,
51535,183,96,
51536,183,97,
51537,183,147,
51538,183,98,
51539,183,99,
51540,183,148,
51541,183,179,
51542,183,180,
51543,183,149,
51544,183,150,
51545,183,151,
51546,183,152,
51547,183,100,
51548,183,101,
51549,183,102,
51550,183,153,
51551,75,75,22
51552,75,77,25
51553,75,78,20
51554,75,79,12
51555,75,134,18
51556,75,168,22
51557,75,187,
51558,75,188,
51559,75,135,22
51560,75,136,7
51561,75,169,10
51562,75,81,22
51563,75,170,7
51564,75,137,10
51565,75,172,22
51566,75,171,6
51567,75,80,25
51568,75,173,20
51569,75,138,21
51570,75,174,19
51571,75,139,10
51572,75,82,25
51573,75,83,19
51574,75,190,
51575,75,175,21
51576,75,84,10
51577,75,176,22
51578,75,85,10
51579,75,140,6
51580,75,86,6
51581,75,177,22
51582,75,87,6
51583,75,88,22
51584,75,141,20
51585,75,142,30
51586,75,143,16
51587,75,178,22
51588,75,89,7
51589,75,90,22
51590,75,91,25
51592,75,92,16
51593,75,144,7
51594,75,145,16
51595,75,93,21
51596,75,94,6
51597,75,146,22
51598,75,95,30
51599,75,96,22
51600,75,97,22
51601,75,147,25
51602,75,98,10
51603,75,99,19
51604,75,148,22
51605,75,179,7
51606,75,180,22
51607,75,149,12
51608,75,150,20
51609,75,151,22
51610,75,152,6
51611,75,100,22
51612,75,101,19
51613,75,102,10
51614,75,153,6
51615,77,77,17
51616,77,78,26
51617,77,79,25
51618,77,134,17
51619,77,168,1
51620,77,187,
51621,77,188,
51622,77,135,24
51623,77,136,25
51624,77,169,3
51625,77,81,24
51626,77,170,25
51627,77,137,8
51628,77,172,25
51629,77,171,26
51630,77,80,17
51631,77,173,26
51632,77,138,17
51633,77,174,17
51634,77,139,3
51635,77,82,17
51636,77,83,17
51637,77,190,
51638,77,175,17
51639,77,84,3
51640,77,176,25
51641,77,85,17
51642,77,140,26
51643,77,86,26
51644,77,177,24
51645,77,87,26
51646,77,88,24
51647,77,141,26
51648,77,142,13
51649,77,143,17
51650,77,178,24
51651,77,89,25
51652,77,90,25
51653,77,91,17
51655,77,92,17
51656,77,144,25
51657,77,145,17
51658,77,93,17
51659,77,94,23
51660,77,146,13
51661,77,95,13
51662,77,96,13
51663,77,97,24
51664,77,147,17
51665,77,98,3
51666,77,99,17
51667,77,148,13
51668,77,179,25
51669,77,180,1
51670,77,149,25
51671,77,150,26
51672,77,151,24
51673,77,152,23
51674,77,100,25
51675,77,101,17
51676,77,102,17
51677,77,153,23
51678,78,78,26
51679,78,79,25
51680,78,134,26
51681,78,168,1
51682,78,187,
51683,78,188,
51684,78,135,15
51685,78,136,20
51686,78,169,3
51687,78,81,15
51688,78,170,20
51689,78,137,8
51690,78,172,20
51691,78,171,26
51692,78,80,26
51693,78,173,26
51694,78,138,20
51695,78,174,20
51696,78,139,3
51697,78,82,26
51698,78,83,20
51699,78,190,
51700,78,175,20
51701,78,84,3
51702,78,176,20
51703,78,85,26
51704,78,140,26
51705,78,86,26
51706,78,177,15
51707,78,87,26
51708,78,88,27
51709,78,141,26
51710,78,142,13
51711,78,143,26
51712,78,178,27
51713,78,89,20
51714,78,90,20
51715,78,91,26
51717,78,92,26
51718,78,144,20
51719,78,145,26
51720,78,93,20
51721,78,94,15
51722,78,146,13
51723,78,95,13
51724,78,96,13
51725,78,97,27
51726,78,147,26
51727,78,98,3
51728,78,99,20
51729,78,148,13
51730,78,179,20
51731,78,180,1
51732,78,149,25
51733,78,150,26
51734,78,151,27
51735,78,152,15
51736,78,100,20
51737,78,101,20
51738,78,102,26
51739,78,153,15
51740,79,79,14
51741,79,134,18
51742,79,168,24
51743,79,187,
51744,79,188,
51745,79,135,29
51746,79,136,12
51747,79,169,3
51748,79,81,29
51749,79,170,12
51750,79,137,8
51751,79,172,12
51752,79,171,25
51753,79,80,25
51754,79,173,25
51755,79,138,14
51756,79,174,14
51757,79,139,3
51758,79,82,25
51759,79,83,14
51760,79,190,
51761,79,175,14
51762,79,84,3
51763,79,176,12
51764,79,85,18
51765,79,140,25
51766,79,86,25
51767,79,177,29
51768,79,87,25
51769,79,88,27
51770,79,141,25
51771,79,142,14
51772,79,143,25
51773,79,178,27
51774,79,89,12
51775,79,90,12
51776,79,91,25
51778,79,92,25
51779,79,144,12
51780,79,145,25
51781,79,93,14
51782,79,94,27
51783,79,146,14
51784,79,95,14
51785,79,96,14
51786,79,97,27
51787,79,147,25
51788,79,98,3
51789,79,99,14
51790,79,148,14
51791,79,179,12
51792,79,180,24
51793,79,149,14
51794,79,150,25
51795,79,151,27
51796,79,152,27
51797,79,100,12
51798,79,101,14
51799,79,102,18
51800,79,153,27
51801,134,134,67
51802,134,168,64
51803,134,187,
51804,134,188,
51805,134,135,64
51806,134,136,67
51807,134,169,64
51808,134,81,28
51809,134,170,67
51810,134,137,67
51811,134,172,67
51812,134,171,55
51813,134,80,17
51814,134,173,55
51815,134,138,67
51816,134,174,67
51817,134,139,64
51818,134,82,17
51819,134,83,18
51820,134,190,
51821,134,175,67
51822,134,84,28
51823,134,176,67
51824,134,85,18
51825,134,140,55
51826,134,86,26
51827,134,177,64
51828,134,87,26
51829,134,88,28
51830,134,141,55
51831,134,142,67
51832,134,143,80
51833,134,178,64
51834,134,89,18
51835,134,90,18
51836,134,91,17
51838,134,92,17
51839,134,144,67
51840,134,145,80
51841,134,93,18
51842,134,94,15
51843,134,146,67
51844,134,95,18
51845,134,96,18
51846,134,97,28
51847,134,147,80
51848,134,98,28
51849,134,99,18
51850,134,148,67
51851,134,179,67
51852,134,180,64
51853,134,149,67
51854,134,150,55
51855,134,151,64
51856,134,152,47
51857,134,100,18
51858,134,101,18
51859,134,102,18
51860,134,153,47
51861,168,168,128
51862,168,187,
51863,168,188,
51864,168,135,54
51865,168,136,54
51866,168,169,103
51867,168,81,29
51868,168,170,104
51869,168,137,33
51870,168,172,111
51871,168,171,148
51872,168,80,1
51873,168,173,124
51874,168,138,71
51875,168,174,153
51876,168,139,98
51877,168,82,1
51878,168,83,23
51879,168,190,
51880,168,175,140
51881,168,84,31
51882,168,176,111
51883,168,85,10
51884,168,140,50
51885,168,86,9
51886,168,177,104
51887,168,87,9
51888,168,88,24
51889,168,141,182
51890,168,142,182
51891,168,143,70
51892,168,178,151
51893,168,89,29
51894,168,90,22
51895,168,91,1
51897,168,92,9
51898,168,144,54
51899,168,145,70
51900,168,93,6
51901,168,94,1
51902,168,146,96
51903,168,95,1
51904,168,96,9
51905,168,97,24
51906,168,147,182
51907,168,98,31
51908,168,99,23
51909,168,148,96
51910,168,179,104
51911,168,180,128
51912,168,149,88
51913,168,150,182
51914,168,151,88
51915,168,152,182
51916,168,100,22
51917,168,101,23
51918,168,102,10
51919,168,153,182
51920,187,187,
51921,187,188,
51922,187,135,
51923,187,136,
51924,187,169,
51925,187,81,
51926,187,170,
51927,187,137,
51928,187,172,
51929,187,171,
51930,187,80,
51931,187,173,
51932,187,138,
51933,187,174,
51934,187,139,
51935,187,82,
51936,187,83,
51937,187,190,
51938,187,175,
51939,187,84,
51940,187,176,
51941,187,85,
51942,187,140,
51943,187,86,
51944,187,177,
51945,187,87,
51946,187,88,
51947,187,141,
51948,187,142,
51949,187,143,
51950,187,178,
51951,187,89,
51952,187,90,
51953,187,91,
51955,187,92,
51956,187,144,
51957,187,145,
51958,187,93,
51959,187,94,
51960,187,146,
51961,187,95,
51962,187,96,
51963,187,97,
51964,187,147,
51965,187,98,
51966,187,99,
51967,187,148,
51968,187,179,
51969,187,180,
51970,187,149,
51971,187,150,
51972,187,151,
51973,187,152,
51974,187,100,
51975,187,101,
51976,187,102,
51977,187,153,
51978,188,188,
51979,188,135,
51980,188,136,
51981,188,169,
51982,188,81,
51983,188,170,
51984,188,137,
51985,188,172,
51986,188,171,
51987,188,80,
51988,188,173,
51989,188,138,
51990,188,174,
51991,188,139,
51992,188,82,
51993,188,83,
51994,188,190,
51995,188,175,
51996,188,84,
51997,188,176,
51998,188,85,
51999,188,140,
52000,188,86,
52001,188,177,
52002,188,87,
52003,188,88,
52004,188,141,
52005,188,142,
52006,188,143,
52007,188,178,
52008,188,89,
52009,188,90,
52010,188,91,
52012,188,92,
52013,188,144,
52014,188,145,
52015,188,93,
52016,188,94,
52017,188,146,
52018,188,95,
52019,188,96,
52020,188,97,
52021,188,147,
52022,188,98,
52023,188,99,
52024,188,148,
52025,188,179,
52026,188,180,
52027,188,149,
52028,188,150,
52029,188,151,
52030,188,152,
52031,188,100,
52032,188,101,
52033,188,102,
52034,188,153,
52035,135,135,34
52036,135,136,34
52037,135,169,98
52038,135,81,5
52039,135,170,34
52040,135,137,65
52041,135,172,90
52042,135,171,86
52043,135,80,24
52044,135,173,62
52045,135,138,93
52046,135,174,64
52047,135,139,98
52048,135,82,24
52049,135,83,28
52050,135,190,
52051,135,175,93
52052,135,84,3
52053,135,176,90
52054,135,85,10
52055,135,140,86
52056,135,86,6
52057,135,177,34
52058,135,87,6
52059,135,88,29
52060,135,141,62
52061,135,142,54
52062,135,143,38
52063,135,178,68
52064,135,89,5
52065,135,90,22
52066,135,91,24
52068,135,92,16
52069,135,144,34
52070,135,145,38
52071,135,93,21
52072,135,94,15
52073,135,146,100
52074,135,95,29
52075,135,96,22
52076,135,97,29
52077,135,147,52
52078,135,98,3
52079,135,99,28
52080,135,148,100
52081,135,179,34
52082,135,180,54
52083,135,149,68
52084,135,150,62
52085,135,151,68
52086,135,152,62
52087,135,100,22
52088,135,101,28
52089,135,102,10
52090,135,153,62
52091,136,136,46
52092,136,169,98
52093,136,81,5
52094,136,170,46
52095,136,137,51
52096,136,172,46
52097,136,171,55
52098,136,80,25
52099,136,173,55
52100,136,138,83
52101,136,174,83
52102,136,139,98
52103,136,82,25
52104,136,83,19
52105,136,190,
52106,136,175,83
52107,136,84,3
52108,136,176,46
52109,136,85,18
52110,136,140,55
52111,136,86,20
52112,136,177,34
52113,136,87,20
52114,136,88,29
52115,136,141,55
52116,136,142,60
52117,136,143,59
52118,136,178,68
52119,136,89,7
52120,136,90,7
52121,136,91,25
52123,136,92,25
52124,136,144,46
52125,136,145,59
52126,136,93,19
52127,136,94,15
52128,136,146,60
52129,136,95,30
52130,136,96,30
52131,136,97,29
52132,136,147,59
52133,136,98,3
52134,136,99,19
52135,136,148,60
52136,136,179,46
52137,136,180,54
52138,136,149,36
52139,136,150,55
52140,136,151,68
52141,136,152,62
52142,136,100,7
52143,136,101,19
52144,136,102,18
52145,136,153,62
52146,169,169,116
52147,169,81,3
52148,169,170,116
52149,169,137,66
52150,169,172,137
52151,169,171,110
52152,169,80,3
52153,169,173,103
52154,169,138,93
52155,169,174,126
52156,169,139,37
52157,169,82,3
52158,169,83,28
52159,169,190,
52160,169,175,106
52161,169,84,3
52162,169,176,137
52163,169,85,10
52164,169,140,33
52165,169,86,10
52166,169,177,116
52167,169,87,10
52168,169,88,3
52169,169,141,32
52170,169,142,98
52171,169,143,65
52172,169,178,103
52173,169,89,3
52174,169,90,10
52175,169,91,3
52177,169,92,10
52178,169,144,98
52179,169,145,65
52180,169,93,21
52181,169,94,3
52182,169,146,33
52183,169,95,31
52184,169,96,10
52185,169,97,3
52186,169,147,32
52187,169,98,3
52188,169,99,28
52189,169,148,33
52190,169,179,116
52191,169,180,103
52192,169,149,84
52193,169,150,32
52194,169,151,84
52195,169,152,32
52196,169,100,10
52197,169,101,28
52198,169,102,10
52199,169,153,32
52200,81,81,5
52201,81,170,5
52202,81,137,10
52203,81,172,22
52204,81,171,6
52205,81,80,24
52206,81,173,15
52207,81,138,21
52208,81,174,28
52209,81,139,3
52210,81,82,24
52211,81,83,28
52212,81,190,
52213,81,175,21
52214,81,84,3
52215,81,176,22
52216,81,85,10
52217,81,140,6
52218,81,86,6
52219,81,177,5
52220,81,87,6
52221,81,88,29
52222,81,141,15
52223,81,142,29
52224,81,143,16
52225,81,178,29
52226,81,89,5
52227,81,90,22
52228,81,91,24
52230,81,92,16
52231,81,144,5
52232,81,145,16
52233,81,93,21
52234,81,94,15
52235,81,146,22
52236,81,95,29
52237,81,96,22
52238,81,97,29
52239,81,147,24
52240,81,98,3
52241,81,99,28
52242,81,148,22
52243,81,179,5
52244,81,180,29
52245,81,149,29
52246,81,150,15
52247,81,151,29
52248,81,152,15
52249,81,100,22
52250,81,101,28
52251,81,102,10
52252,81,153,15
52253,170,170,133
52254,170,137,51
52255,170,172,133
52256,170,171,141
52257,170,80,25
52258,170,173,141
52259,170,138,83
52260,170,174,108
52261,170,139,98
52262,170,82,25
52263,170,83,19
52264,170,190,
52265,170,175,108
52266,170,84,3
52267,170,176,133
52268,170,85,18
52269,170,140,55
52270,170,86,20
52271,170,177,120
52272,170,87,20
52273,170,88,29
52274,170,141,55
52275,170,142,60
52276,170,143,59
52277,170,178,135
52278,170,89,7
52279,170,90,7
52280,170,91,25
52282,170,92,25
52283,170,144,46
52284,170,145,59
52285,170,93,19
52286,170,94,15
52287,170,146,60
52288,170,95,30
52289,170,96,30
52290,170,97,29
52291,170,147,59
52292,170,98,3
52293,170,99,19
52294,170,148,60
52295,170,179,133
52296,170,180,104
52297,170,149,36
52298,170,150,55
52299,170,151,68
52300,170,152,62
52301,170,100,7
52302,170,101,19
52303,170,102,18
52304,170,153,62
52305,137,137,66
52306,137,172,65
52307,137,171,33
52308,137,80,8
52309,137,173,51
52310,137,138,93
52311,137,174,99
52312,137,139,66
52313,137,82,8
52314,137,83,19
52315,137,190,
52316,137,175,93
52317,137,84,10
52318,137,176,65
52319,137,85,10
52320,137,140,33
52321,137,86,10
52322,137,177,65
52323,137,87,10
52324,137,88,10
52325,137,141,51
52326,137,142,51
52327,137,143,65
52328,137,178,66
52329,137,89,8
52330,137,90,10
52331,137,91,8
52333,137,92,10
52334,137,144,51
52335,137,145,65
52336,137,93,21
52337,137,94,10
52338,137,146,33
52339,137,95,8
52340,137,96,10
52341,137,97,10
52342,137,147,51
52343,137,98,10
52344,137,99,19
52345,137,148,33
52346,137,179,51
52347,137,180,33
52348,137,149,51
52349,137,150,51
52350,137,151,66
52351,137,152,33
52352,137,100,10
52353,137,101,19
52354,137,102,10
52355,137,153,33
52356,172,172,129
52357,172,171,127
52358,172,80,25
52359,172,173,141
52360,172,138,93
52361,172,174,108
52362,172,139,65
52363,172,82,25
52364,172,83,19
52365,172,190,
52366,172,175,138
52367,172,84,10
52368,172,176,129
52369,172,85,10
52370,172,140,86
52371,172,86,6
52372,172,177,129
52373,172,87,6
52374,172,88,22
52375,172,141,55
52376,172,142,60
52377,172,143,38
52378,172,178,121
52379,172,89,7
52380,172,90,22
52381,172,91,25
52383,172,92,16
52384,172,144,46
52385,172,145,38
52386,172,93,21
52387,172,94,6
52388,172,146,100
52389,172,95,30
52390,172,96,22
52391,172,97,22
52392,172,147,59
52393,172,98,10
52394,172,99,19
52395,172,148,100
52396,172,179,133
52397,172,180,111
52398,172,149,36
52399,172,150,55
52400,172,151,75
52401,172,152,86
52402,172,100,22
52403,172,101,19
52404,172,102,10
52405,172,153,86
52406,171,171,127
52407,171,80,26
52408,171,173,112
52409,171,138,71
52410,171,174,123
52411,171,139,33
52412,171,82,26
52413,171,83,20
52414,171,190,
52415,171,175,140
52416,171,84,10
52417,171,176,127
52418,171,85,6
52419,171,140,86
52420,171,86,6
52421,171,177,127
52422,171,87,6
52423,171,88,16
52424,171,141,78
52425,171,142,42
52426,171,143,87
52427,171,178,131
52428,171,89,20
52429,171,90,6
52430,171,91,26
52432,171,92,6
52433,171,144,55
52434,171,145,87
52435,171,93,6
52436,171,94,6
52437,171,146,50
52438,171,95,13
52439,171,96,9
52440,171,97,16
52441,171,147,78
52442,171,98,10
52443,171,99,20
52444,171,148,50
52445,171,179,141
52446,171,180,148
52447,171,149,59
52448,171,150,78
52449,171,151,76
52450,171,152,86
52451,171,100,6
52452,171,101,20
52453,171,102,6
52454,171,153,86
52455,80,80,17
52456,80,173,26
52457,80,138,17
52458,80,174,17
52459,80,139,3
52460,80,82,17
52461,80,83,17
52462,80,190,
52463,80,175,17
52464,80,84,3
52465,80,176,25
52466,80,85,17
52467,80,140,26
52468,80,86,26
52469,80,177,24
52470,80,87,26
52471,80,88,24
52472,80,141,26
52473,80,142,13
52474,80,143,17
52475,80,178,24
52476,80,89,25
52477,80,90,25
52478,80,91,17
52480,80,92,17
52481,80,144,25
52482,80,145,17
52483,80,93,17
52484,80,94,23
52485,80,146,13
52486,80,95,13
52487,80,96,13
52488,80,97,24
52489,80,147,17
52490,80,98,3
52491,80,99,17
52492,80,148,13
52493,80,179,25
52494,80,180,1
52495,80,149,25
52496,80,150,26
52497,80,151,24
52498,80,152,23
52499,80,100,25
52500,80,101,17
52501,80,102,17
52502,80,153,23
52503,173,173,112
52504,173,138,56
52505,173,174,123
52506,173,139,32
52507,173,82,26
52508,173,83,20
52509,173,190,
52510,173,175,123
52511,173,84,3
52512,173,176,141
52513,173,85,26
52514,173,140,78
52515,173,86,26
52516,173,177,153
52517,173,87,26
52518,173,88,27
52519,173,141,78
52520,173,142,42
52521,173,143,78
52522,173,178,122
52523,173,89,20
52524,173,90,20
52525,173,91,26
52527,173,92,26
52528,173,144,55
52529,173,145,78
52530,173,93,20
52531,173,94,15
52532,173,146,42
52533,173,95,13
52534,173,96,13
52535,173,97,27
52536,173,147,78
52537,173,98,3
52538,173,99,20
52539,173,148,42
52540,173,179,141
52541,173,180,124
52542,173,149,59
52543,173,150,78
52544,173,151,73
52545,173,152,62
52546,173,100,20
52547,173,101,20
52548,173,102,26
52549,173,153,62
52550,138,138,93
52551,138,174,101
52552,138,139,93
52553,138,82,17
52554,138,83,19
52555,138,190,
52556,138,175,93
52557,138,84,21
52558,138,176,93
52559,138,85,10
52560,138,140,71
52561,138,86,6
52562,138,177,93
52563,138,87,6
52564,138,88,11
52565,138,141,56
52566,138,142,56
52567,138,143,39
52568,138,178,63
52569,138,89,19
52570,138,90,21
52571,138,91,17
52573,138,92,4
52574,138,144,83
52575,138,145,39
52576,138,93,21
52577,138,94,6
52578,138,146,71
52579,138,95,20
52580,138,96,6
52581,138,97,11
52582,138,147,82
52583,138,98,21
52584,138,99,19
52585,138,148,71
52586,138,179,83
52587,138,180,71
52588,138,149,79
52589,138,150,56
52590,138,151,63
52591,138,152,71
52592,138,100,21
52593,138,101,19
52594,138,102,10
52595,138,153,71
52596,174,174,108
52597,174,139,64
52598,174,82,17
52599,174,83,19
52600,174,190,
52601,174,175,108
52602,174,84,28
52603,174,176,108
52604,174,85,18
52605,174,140,56
52606,174,86,20
52607,174,177,126
52608,174,87,20
52609,174,88,27
52610,174,141,56
52611,174,142,56
52612,174,143,82
52613,174,178,132
52614,174,89,19
52615,174,90,19
52616,174,91,17
52618,174,92,17
52619,174,144,83
52620,174,145,82
52621,174,93,19
52622,174,94,23
52623,174,146,56
52624,174,95,20
52625,174,96,20
52626,174,97,27
52627,174,147,82
52628,174,98,28
52629,174,99,19
52630,174,148,56
52631,174,179,108
52632,174,180,153
52633,174,149,79
52634,174,150,56
52635,174,151,97
52636,174,152,147
52637,174,100,19
52638,174,101,19
52639,174,102,18
52640,174,153,147
52641,139,139,37
52642,139,82,3
52643,139,83,28
52644,139,190,
52645,139,175,93
52646,139,84,3
52647,139,176,65
52648,139,85,10
52649,139,140,33
52650,139,86,10
52651,139,177,98
52652,139,87,10
52653,139,88,3
52654,139,141,32
52655,139,142,98
52656,139,143,65
52657,139,178,84
52658,139,89,3
52659,139,90,10
52660,139,91,3
52662,139,92,10
52663,139,144,98
52664,139,145,65
52665,139,93,21
52666,139,94,3
52667,139,146,33
52668,139,95,31
52669,139,96,10
52670,139,97,3
52671,139,147,32
52672,139,98,3
52673,139,99,28
52674,139,148,33
52675,139,179,98
52676,139,180,98
52677,139,149,84
52678,139,150,32
52679,139,151,84
52680,139,152,32
52681,139,100,10
52682,139,101,28
52683,139,102,10
52684,139,153,32
52685,82,82,17
52686,82,83,17
52687,82,190,
52688,82,175,17
52689,82,84,3
52690,82,176,25
52691,82,85,17
52692,82,140,26
52693,82,86,26
52694,82,177,24
52695,82,87,26
52696,82,88,24
52697,82,141,26
52698,82,142,13
52699,82,143,17
52700,82,178,24
52701,82,89,25
52702,82,90,25
52703,82,91,17
52705,82,92,17
52706,82,144,25
52707,82,145,17
52708,82,93,17
52709,82,94,23
52710,82,146,13
52711,82,95,13
52712,82,96,13
52713,82,97,24
52714,82,147,17
52715,82,98,3
52716,82,99,17
52717,82,148,13
52718,82,179,25
52719,82,180,1
52720,82,149,25
52721,82,150,26
52722,82,151,24
52723,82,152,23
52724,82,100,25
52725,82,101,17
52726,82,102,17
52727,82,153,23
52728,83,83,19
52729,83,190,
52730,83,175,19
52731,83,84,28
52732,83,176,19
52733,83,85,18
52734,83,140,20
52735,83,86,20
52736,83,177,28
52737,83,87,20
52738,83,88,27
52739,83,141,20
52740,83,142,20
52741,83,143,17
52742,83,178,27
52743,83,89,19
52744,83,90,19
52745,83,91,17
52747,83,92,17
52748,83,144,19
52749,83,145,17
52750,83,93,19
52751,83,94,23
52752,83,146,20
52753,83,95,20
52754,83,96,20
52755,83,97,27
52756,83,147,17
52757,83,98,28
52758,83,99,19
52759,83,148,20
52760,83,179,19
52761,83,180,23
52762,83,149,14
52763,83,150,20
52764,83,151,27
52765,83,152,23
52766,83,100,19
52767,83,101,19
52768,83,102,18
52769,83,153,23
52770,190,190,
52771,190,175,
52772,190,84,
52773,190,176,
52774,190,85,
52775,190,140,
52776,190,86,
52777,190,177,
52778,190,87,
52779,190,88,
52780,190,141,
52781,190,142,
52782,190,143,
52783,190,178,
52784,190,89,
52785,190,90,
52786,190,91,
52788,190,92,
52789,190,144,
52790,190,145,
52791,190,93,
52792,190,94,
52793,190,146,
52794,190,95,
52795,190,96,
52796,190,97,
52797,190,147,
52798,190,98,
52799,190,99,
52800,190,148,
52801,190,179,
52802,190,180,
52803,190,149,
52804,190,150,
52805,190,151,
52806,190,152,
52807,190,100,
52808,190,101,
52809,190,102,
52810,190,153,
52811,175,175,119
52812,175,84,21
52813,175,176,138
52814,175,85,10
52815,175,140,71
52816,175,86,6
52817,175,177,138
52818,175,87,6
52819,175,88,11
52820,175,141,56
52821,175,142,56
52822,175,143,39
52823,175,178,131
52824,175,89,19
52825,175,90,21
52826,175,91,17
52828,175,92,4
52829,175,144,83
52830,175,145,39
52831,175,93,21
52832,175,94,6
52833,175,146,71
52834,175,95,20
52835,175,96,6
52836,175,97,11
52837,175,147,82
52838,175,98,21
52839,175,99,19
52840,175,148,71
52841,175,179,108
52842,175,180,140
52843,175,149,79
52844,175,150,56
52845,175,151,63
52846,175,152,71
52847,175,100,21
52848,175,101,19
52849,175,102,10
52850,175,153,71
52851,84,84,3
52852,84,176,10
52853,84,85,10
52854,84,140,10
52855,84,86,10
52856,84,177,3
52857,84,87,10
52858,84,88,3
52859,84,141,3
52860,84,142,31
52861,84,143,10
52862,84,178,3
52863,84,89,3
52864,84,90,10
52865,84,91,3
52867,84,92,10
52868,84,144,3
52869,84,145,10
52870,84,93,21
52871,84,94,3
52872,84,146,10
52873,84,95,31
52874,84,96,10
52875,84,97,3
52876,84,147,3
52877,84,98,3
52878,84,99,28
52879,84,148,10
52880,84,179,3
52881,84,180,31
52882,84,149,3
52883,84,150,3
52884,84,151,3
52885,84,152,3
52886,84,100,10
52887,84,101,28
52888,84,102,10
52889,84,153,3
52890,176,176,129
52891,176,85,10
52892,176,140,86
52893,176,86,6
52894,176,177,129
52895,176,87,6
52896,176,88,22
52897,176,141,55
52898,176,142,60
52899,176,143,38
52900,176,178,121
52901,176,89,7
52902,176,90,22
52903,176,91,25
52905,176,92,16
52906,176,144,46
52907,176,145,38
52908,176,93,21
52909,176,94,6
52910,176,146,100
52911,176,95,30
52912,176,96,22
52913,176,97,22
52914,176,147,59
52915,176,98,10
52916,176,99,19
52917,176,148,100
52918,176,179,133
52919,176,180,111
52920,176,149,36
52921,176,150,55
52922,176,151,75
52923,176,152,86
52924,176,100,22
52925,176,101,19
52926,176,102,10
52927,176,153,86
52928,85,85,10
52929,85,140,6
52930,85,86,6
52931,85,177,10
52932,85,87,6
52933,85,88,10
52934,85,141,26
52935,85,142,18
52936,85,143,4
52937,85,178,10
52938,85,89,18
52939,85,90,10
52940,85,91,17
52942,85,92,4
52943,85,144,18
52944,85,145,4
52945,85,93,10
52946,85,94,6
52947,85,146,10
52948,85,95,18
52949,85,96,10
52950,85,97,10
52951,85,147,17
52952,85,98,10
52953,85,99,18
52954,85,148,10
52955,85,179,18
52956,85,180,10
52957,85,149,18
52958,85,150,26
52959,85,151,10
52960,85,152,6
52961,85,100,10
52962,85,101,18
52963,85,102,10
52964,85,153,6
52965,140,140,86
52966,140,86,6
52967,140,177,86
52968,140,87,6
52969,140,88,16
52970,140,141,78
52971,140,142,42
52972,140,143,87
52973,140,178,76
52974,140,89,20
52975,140,90,6
52976,140,91,26
52978,140,92,6
52979,140,144,55
52980,140,145,87
52981,140,93,6
52982,140,94,6
52983,140,146,50
52984,140,95,13
52985,140,96,9
52986,140,97,16
52987,140,147,78
52988,140,98,10
52989,140,99,20
52990,140,148,50
52991,140,179,55
52992,140,180,50
52993,140,149,59
52994,140,150,78
52995,140,151,76
52996,140,152,86
52997,140,100,6
52998,140,101,20
52999,140,102,6
53000,140,153,86
53001,86,86,6
53002,86,177,6
53003,86,87,6
53004,86,88,16
53005,86,141,26
53006,86,142,13
53007,86,143,6
53008,86,178,16
53009,86,89,20
53010,86,90,6
53011,86,91,26
53013,86,92,6
53014,86,144,20
53015,86,145,6
53016,86,93,6
53017,86,94,6
53018,86,146,9
53019,86,95,13
53020,86,96,9
53021,86,97,16
53022,86,147,26
53023,86,98,10
53024,86,99,20
53025,86,148,9
53026,86,179,20
53027,86,180,9
53028,86,149,25
53029,86,150,26
53030,86,151,16
53031,86,152,6
53032,86,100,6
53033,86,101,20
53034,86,102,6
53035,86,153,6
53036,177,177,120
53037,177,87,6
53038,177,88,29
53039,177,141,62
53040,177,142,54
53041,177,143,38
53042,177,178,135
53043,177,89,5
53044,177,90,22
53045,177,91,24
53047,177,92,16
53048,177,144,34
53049,177,145,38
53050,177,93,21
53051,177,94,15
53052,177,146,100
53053,177,95,29
53054,177,96,22
53055,177,97,29
53056,177,147,52
53057,177,98,3
53058,177,99,28
53059,177,148,100
53060,177,179,120
53061,177,180,104
53062,177,149,68
53063,177,150,62
53064,177,151,68
53065,177,152,62
53066,177,100,22
53067,177,101,28
53068,177,102,10
53069,177,153,62
53070,87,87,6
53071,87,88,16
53072,87,141,26
53073,87,142,13
53074,87,143,6
53075,87,178,16
53076,87,89,20
53077,87,90,6
53078,87,91,26
53080,87,92,6
53081,87,144,20
53082,87,145,6
53083,87,93,6
53084,87,94,6
53085,87,146,9
53086,87,95,13
53087,87,96,9
53088,87,97,16
53089,87,147,26
53090,87,98,10
53091,87,99,20
53092,87,148,9
53093,87,179,20
53094,87,180,9
53095,87,149,25
53096,87,150,26
53097,87,151,16
53098,87,152,6
53099,87,100,6
53100,87,101,20
53101,87,102,6
53102,87,153,6
53103,88,88,27
53104,88,141,27
53105,88,142,24
53106,88,143,16
53107,88,178,27
53108,88,89,29
53109,88,90,22
53110,88,91,24
53112,88,92,16
53113,88,144,29
53114,88,145,16
53115,88,93,11
53116,88,94,27
53117,88,146,11
53118,88,95,24
53119,88,96,11
53120,88,97,27
53121,88,147,24
53122,88,98,3
53123,88,99,27
53124,88,148,11
53125,88,179,29
53126,88,180,24
53127,88,149,27
53128,88,150,27
53129,88,151,27
53130,88,152,27
53131,88,100,22
53132,88,101,27
53133,88,102,10
53134,88,153,27
53135,141,141,78
53136,141,142,42
53137,141,143,78
53138,141,178,73
53139,141,89,20
53140,141,90,20
53141,141,91,26
53143,141,92,26
53144,141,144,55
53145,141,145,78
53146,141,93,20
53147,141,94,15
53148,141,146,42
53149,141,95,13
53150,141,96,13
53151,141,97,27
53152,141,147,78
53153,141,98,3
53154,141,99,20
53155,141,148,42
53156,141,179,55
53157,141,180,182
53158,141,149,59
53159,141,150,78
53160,141,151,73
53161,141,152,62
53162,141,100,20
53163,141,101,20
53164,141,102,26
53165,141,153,62
53166,142,142,43
53167,142,143,41
53168,142,178,88
53169,142,89,30
53170,142,90,30
53171,142,91,13
53173,142,92,13
53174,142,144,60
53175,142,145,41
53176,142,93,20
53177,142,94,1
53178,142,146,43
53179,142,95,2
53180,142,96,2
53181,142,97,24
53182,142,147,41
53183,142,98,31
53184,142,99,20
53185,142,148,43
53186,142,179,60
53187,142,180,182
53188,142,149,79
53189,142,150,42
53190,142,151,88
53191,142,152,182
53192,142,100,30
53193,142,101,20
53194,142,102,18
53195,142,153,182
53196,143,143,69
53197,143,178,72
53198,143,89,25
53199,143,90,16
53200,143,91,17
53202,143,92,4
53203,143,144,59
53204,143,145,69
53205,143,93,4
53206,143,94,6
53207,143,146,70
53208,143,95,13
53209,143,96,9
53210,143,97,16
53211,143,147,57
53212,143,98,10
53213,143,99,17
53214,143,148,70
53215,143,179,59
53216,143,180,70
53217,143,149,59
53218,143,150,78
53219,143,151,72
53220,143,152,87
53221,143,100,16
53222,143,101,17
53223,143,102,4
53224,143,153,87
53225,178,178,151
53226,178,89,29
53227,178,90,22
53228,178,91,24
53230,178,92,16
53231,178,144,68
53232,178,145,72
53233,178,93,11
53234,178,94,27
53235,178,146,48
53236,178,95,24
53237,178,96,11
53238,178,97,27
53239,178,147,35
53240,178,98,3
53241,178,99,27
53242,178,148,48
53243,178,179,135
53244,178,180,151
53245,178,149,53
53246,178,150,73
53247,178,151,53
53248,178,152,73
53249,178,100,22
53250,178,101,27
53251,178,102,10
53252,178,153,73
53253,89,89,7
53254,89,90,7
53255,89,91,25
53257,89,92,25
53258,89,144,7
53259,89,145,25
53260,89,93,19
53261,89,94,15
53262,89,146,30
53263,89,95,30
53264,89,96,30
53265,89,97,29
53266,89,147,25
53267,89,98,3
53268,89,99,19
53269,89,148,30
53270,89,179,7
53271,89,180,29
53272,89,149,12
53273,89,150,20
53274,89,151,29
53275,89,152,15
53276,89,100,7
53277,89,101,19
53278,89,102,18
53279,89,153,15
53280,90,90,22
53281,90,91,25
53283,90,92,16
53284,90,144,7
53285,90,145,16
53286,90,93,21
53287,90,94,6
53288,90,146,22
53289,90,95,30
53290,90,96,22
53291,90,97,22
53292,90,147,25
53293,90,98,10
53294,90,99,19
53295,90,148,22
53296,90,179,7
53297,90,180,22
53298,90,149,12
53299,90,150,20
53300,90,151,22
53301,90,152,6
53302,90,100,22
53303,90,101,19
53304,90,102,10
53305,90,153,6
53306,91,91,17
53308,91,92,17
53309,91,144,25
53310,91,145,17
53311,91,93,17
53312,91,94,23
53313,91,146,13
53314,91,95,13
53315,91,96,13
53316,91,97,24
53317,91,147,17
53318,91,98,3
53319,91,99,17
53320,91,148,13
53321,91,179,25
53322,91,180,1
53323,91,149,25
53324,91,150,26
53325,91,151,24
53326,91,152,23
53327,91,100,25
53328,91,101,17
53329,91,102,17
53330,91,153,23
53355,92,92,4
53356,92,144,25
53357,92,145,4
53358,92,93,4
53359,92,94,6
53360,92,146,9
53361,92,95,13
53362,92,96,9
53363,92,97,16
53364,92,147,17
53365,92,98,10
53366,92,99,17
53367,92,148,9
53368,92,179,25
53369,92,180,9
53370,92,149,25
53371,92,150,26
53372,92,151,16
53373,92,152,6
53374,92,100,16
53375,92,101,17
53376,92,102,4
53377,92,153,6
53378,144,144,46
53379,144,145,59
53380,144,93,19
53381,144,94,15
53382,144,146,60
53383,144,95,30
53384,144,96,30
53385,144,97,29
53386,144,147,59
53387,144,98,3
53388,144,99,19
53389,144,148,60
53390,144,179,46
53391,144,180,54
53392,144,149,36
53393,144,150,55
53394,144,151,68
53395,144,152,62
53396,144,100,7
53397,144,101,19
53398,144,102,18
53399,144,153,62
53400,145,145,69
53401,145,93,4
53402,145,94,6
53403,145,146,70
53404,145,95,13
53405,145,96,9
53406,145,97,16
53407,145,147,57
53408,145,98,10
53409,145,99,17
53410,145,148,70
53411,145,179,59
53412,145,180,70
53413,145,149,59
53414,145,150,78
53415,145,151,72
53416,145,152,87
53417,145,100,16
53418,145,101,17
53419,145,102,4
53420,145,153,87
53421,93,93,21
53422,93,94,6
53423,93,146,6
53424,93,95,20
53425,93,96,6
53426,93,97,11
53427,93,147,17
53428,93,98,21
53429,93,99,19
53430,93,148,6
53431,93,179,19
53432,93,180,6
53433,93,149,14
53434,93,150,20
53435,93,151,11
53436,93,152,6
53437,93,100,21
53438,93,101,19
53439,93,102,10
53440,93,153,6
53441,94,94,15
53442,94,146,9
53443,94,95,1
53444,94,96,9
53445,94,97,27
53446,94,147,23
53447,94,98,3
53448,94,99,23
53449,94,148,9
53450,94,179,15
53451,94,180,1
53452,94,149,27
53453,94,150,15
53454,94,151,27
53455,94,152,15
53456,94,100,6
53457,94,101,23
53458,94,102,6
53459,94,153,15
53460,146,146,96
53461,146,95,2
53462,146,96,9
53463,146,97,11
53464,146,147,41
53465,146,98,10
53466,146,99,20
53467,146,148,96
53468,146,179,60
53469,146,180,96
53470,146,149,79
53471,146,150,42
53472,146,151,48
53473,146,152,50
53474,146,100,22
53475,146,101,20
53476,146,102,10
53477,146,153,50
53478,95,95,2
53479,95,96,2
53480,95,97,24
53481,95,147,13
53482,95,98,31
53483,95,99,20
53484,95,148,2
53485,95,179,30
53486,95,180,1
53487,95,149,14
53488,95,150,13
53489,95,151,24
53490,95,152,1
53491,95,100,30
53492,95,101,20
53493,95,102,18
53494,95,153,1
53495,96,96,9
53496,96,97,11
53497,96,147,13
53498,96,98,10
53499,96,99,20
53500,96,148,9
53501,96,179,30
53502,96,180,9
53503,96,149,14
53504,96,150,13
53505,96,151,11
53506,96,152,9
53507,96,100,22
53508,96,101,20
53509,96,102,10
53510,96,153,9
53511,97,97,27
53512,97,147,24
53513,97,98,3
53514,97,99,27
53515,97,148,11
53516,97,179,29
53517,97,180,24
53518,97,149,27
53519,97,150,27
53520,97,151,27
53521,97,152,27
53522,97,100,22
53523,97,101,27
53524,97,102,10
53525,97,153,27
53526,147,147,57
53527,147,98,3
53528,147,99,17
53529,147,148,41
53530,147,179,59
53531,147,180,182
53532,147,149,59
53533,147,150,78
53534,147,151,35
53535,147,152,47
53536,147,100,25
53537,147,101,17
53538,147,102,17
53539,147,153,47
53540,98,98,3
53541,98,99,28
53542,98,148,10
53543,98,179,3
53544,98,180,31
53545,98,149,3
53546,98,150,3
53547,98,151,3
53548,98,152,3
53549,98,100,10
53550,98,101,28
53551,98,102,10
53552,98,153,3
53553,99,99,19
53554,99,148,20
53555,99,179,19
53556,99,180,23
53557,99,149,14
53558,99,150,20
53559,99,151,27
53560,99,152,23
53561,99,100,19
53562,99,101,19
53563,99,102,18
53564,99,153,23
53565,148,148,96
53566,148,179,60
53567,148,180,96
53568,148,149,79
53569,148,150,42
53570,148,151,48
53571,148,152,50
53572,148,100,22
53573,148,101,20
53574,148,102,10
53575,148,153,50
53576,179,179,133
53577,179,180,104
53578,179,149,36
53579,179,150,55
53580,179,151,68
53581,179,152,62
53582,179,100,7
53583,179,101,19
53584,179,102,18
53585,179,153,62
53586,180,180,128
53587,180,149,88
53588,180,150,182
53589,180,151,88
53590,180,152,182
53591,180,100,22
53592,180,101,23
53593,180,102,10
53594,180,153,182
53595,149,149,79
53596,149,150,59
53597,149,151,53
53598,149,152,73
53599,149,100,12
53600,149,101,14
53601,149,102,18
53602,149,153,73
53603,150,150,78
53604,150,151,73
53605,150,152,62
53606,150,100,20
53607,150,101,20
53608,150,102,26
53609,150,153,62
53610,151,151,53
53611,151,152,73
53612,151,100,22
53613,151,101,27
53614,151,102,10
53615,151,153,73
53616,152,152,62
53617,152,100,6
53618,152,101,23
53619,152,102,6
53620,152,153,62
53621,100,100,22
53622,100,101,19
53623,100,102,10
53624,100,153,6
53625,101,101,19
53626,101,102,18
53627,101,153,23
53628,102,102,10
53629,102,153,6
53630,153,153,62
